TEAM,GP,W,L,MIN,DEFRTG,DREB,DREB%,STL,BLK,Opp PTS OFF TOV,Opp PTS 2nd CHANCE,Opp PTS FB,Opp PTS PAINT,GP,W,L,MIN,OFFRTG,DEFRTG,NETRTG,AST%,AST/TO,AST,OREB%,DREB%,REB%,TOV%,EFG%,TS%,PACE,PIE,Season,Team,Less than 8ft. usage %,8-16 feet usage %,16-24 feet usage %,24+ feet usage %,Back Court Shots usage %,Avg. Shot Dis.(ft.),Opp. Avg. Shot Dis.(ft.),Avg. Made Shot Dis.(ft.),Opp. Made Avg. Shot Dis.(ft.),Avg. Missed Shot Dis.(ft.),Opp. Missed Avg. Shot Dis.(ft.),Season,Season Type,Match Count
Atlanta Hawks,82,48,34,48.4,98.8,33.8,74.6,9.1,5.9,16,13.1,11.9,40.9,82,48,34,3966,103,98.8,4.1,66.3,1.71,19.1,19.1,74.6,47.5,15,51.6,55.2,99.4,52.8,2015-2016,Atlanta Hawks,41.75,10.71,13.84,33.45,0.25,12.76,12.58,10.47,10.41,14.69,14.22,2015-2016,REG,82
Boston Celtics,82,48,34,48.2,100.9,33.3,74.6,9.2,4.2,14.8,14.2,10.8,43,82,48,34,3956,103.9,100.9,3,61.6,1.76,17.6,25.1,74.6,49.4,13.5,48.8,53.1,101.15,52,2015-2016,Boston Celtics,42.73,12.51,15.55,29,0.21,12.43,12.38,10.01,10.1,14.33,14.17,2015-2016,REG,82
Brooklyn Nets,82,21,61,48.2,108.5,31.9,75.7,7.6,4,18.3,12.1,14.5,47.9,82,21,61,3951,100.9,108.5,-7.6,58.3,1.51,17.1,24.1,75.7,49.4,15.1,49.2,52.7,97.37,46,2015-2016,Brooklyn Nets,43.68,16.32,18.1,21.68,0.23,11.66,12.34,9.79,10.03,13.21,14.47,2015-2016,REG,82
Charlotte Hornets,82,48,34,48.4,101.8,35,79.8,7.3,5.3,14.1,11.4,12.4,40,82,48,34,3971,105.1,101.8,3.3,58.6,1.73,16.8,20,79.8,49.6,12.7,50.2,54.5,97.8,51.1,2015-2016,Charlotte Hornets,36.4,13.29,15.52,34.64,0.14,13.73,13.05,11.68,10.97,15.33,14.71,2015-2016,REG,82
Chicago Bulls,82,42,40,48.5,103.9,35.2,74.9,6,5.7,16,14.3,13.8,44.4,82,42,40,3981,102.1,103.9,-1.8,59.1,1.64,17.1,24.5,74.9,50.2,14,48.7,52.6,98.25,49.4,2015-2016,Chicago Bulls,41.5,15.43,18.51,24.11,0.45,12.32,12.23,10.71,10.18,13.58,13.85,2015-2016,REG,82
Cleveland Cavaliers,82,57,25,48.4,102.3,33.9,78.5,6.7,3.9,15.6,11.2,11.2,40.8,82,57,25,3971,108.1,102.3,5.8,58.7,1.67,17.5,25.1,78.5,52,14.1,52.4,55.8,95.48,52.8,2015-2016,Cleveland Cavaliers,39.39,12.83,12.52,35.09,0.17,13.33,12.46,11.03,10.22,15.3,14.28,2015-2016,REG,82
Dallas Mavericks,82,42,40,48.8,104.3,33.9,76.2,6.8,3.7,14.8,13.4,16,40.9,82,42,40,4001,104.8,104.3,0.6,59.2,1.73,17.2,20.6,76.2,48.5,13.1,50.2,54.4,96.4,50.3,2015-2016,Dallas Mavericks,35.79,14.47,15.87,33.6,0.28,13.71,13.07,11.4,10.77,15.55,14.96,2015-2016,REG,82
Denver Nuggets,82,33,49,48.4,106.4,33.1,77.3,7.4,4.8,16.8,12.1,13,43.1,82,33,49,3966,102.7,106.4,-3.7,60.1,1.55,17,25.8,77.3,51.1,14.8,48.9,53.1,98.16,47.9,2015-2016,Denver Nuggets,47.41,10.53,14.18,27.6,0.29,11.81,12.62,9.65,10.53,13.53,14.41,2015-2016,REG,82
Detroit Pistons,82,44,38,48.5,103.4,33.9,79.3,7,3.7,14.6,10.7,10.4,44.4,82,44,38,3976,103.3,103.4,-0.2,51.2,1.44,14.9,27,79.3,52.1,13.7,49.1,52.2,97.39,48.6,2015-2016,Detroit Pistons,44.16,13.92,11.66,29.76,0.51,12.33,11.95,10.09,9.85,14.09,13.74,2015-2016,REG,82
Golden State Warriors,82,73,9,48.5,100.9,36.2,76,8.4,6.1,16.6,13.8,14.5,45.1,82,73,9,3976,112.5,100.9,11.6,68,1.91,20.5,23.5,76,51.3,14.9,56.3,59.3,101.65,56.7,2015-2016,Golden State Warriors,39.59,12.24,11.94,35.9,0.34,13.48,12.42,11.63,10.16,15.24,14.15,2015-2016,REG,82
Houston Rockets,82,41,41,48.4,105.6,31.7,72.8,10,5.2,19.5,14.7,14.4,44.6,82,41,41,3966,105.5,105.6,-0.2,58.9,1.39,16.5,25.7,72.8,49.1,15.8,51.6,55.3,100.08,49,2015-2016,Houston Rockets,45.78,9.03,8.17,36.6,0.41,12.55,12.66,9.9,10.32,14.74,14.63,2015-2016,REG,82
Indiana Pacers,82,45,37,48.5,100.2,33.9,76,9,4.8,16.3,13,12.2,41.6,82,45,37,3976,102.4,100.2,2.2,55.4,1.43,16.2,23.4,76,49.8,14.9,49.7,53.6,98.99,51.8,2015-2016,Indiana Pacers,37.32,13.85,21.88,26.66,0.3,13.15,12.76,10.75,10.45,15.11,14.58,2015-2016,REG,82
Los Angeles Clippers,82,53,29,48.4,100.9,33.3,73.8,8.6,5.6,14.5,13.8,12.4,41.3,82,53,29,3966,106.5,100.9,5.5,59.6,1.76,17.6,20.1,73.8,47.4,13.2,52.4,55.6,97.97,53.3,2015-2016,Los Angeles Clippers,34.76,11.58,21.62,31.75,0.29,14.15,12.58,11.82,10.34,16.17,14.3,2015-2016,REG,82
Los Angeles Lakers,82,17,65,48.1,109.3,32.3,74.7,7.2,4.1,16.5,14.3,17,47.8,82,17,65,3946,98.6,109.3,-10.7,51.3,1.31,14.1,23.1,74.7,48,13.9,46,50.9,97.99,42.4,2015-2016,Los Angeles Lakers,37.85,16.41,16.9,28.49,0.35,13.06,12.19,10.71,9.62,14.71,14.51,2015-2016,REG,82
Memphis Grizzlies,82,42,40,48.4,105.4,30.5,75.1,8.8,4.3,15.1,11.8,14.6,38.5,82,42,40,3966,102.6,105.4,-2.9,56.2,1.56,16.1,25.3,75.1,49.1,13.8,47.7,52.4,95.65,48.3,2015-2016,Memphis Grizzlies,46.54,14.03,17.28,21.81,0.34,11.35,13.34,9.45,11.16,12.84,15.17,2015-2016,REG,82
Miami Heat,82,48,34,48.4,101.5,34.3,77.8,6.7,6.5,15.6,13,10.7,42,82,48,34,3966,104.2,101.5,2.6,54.3,1.48,16.4,23.8,77.8,51.7,14.7,50.8,54.5,95.75,52.5,2015-2016,Miami Heat,43.43,16.23,18.36,21.69,0.28,11.58,12.22,9.23,10.26,13.66,13.77,2015-2016,REG,82
Milwaukee Bucks,82,33,49,48.4,105.7,31.2,73.1,8.2,5.8,17.7,14.1,13,44,82,33,49,3966,102.2,105.7,-3.5,60.3,1.52,17.7,24.9,73.1,49.2,15.7,49.9,53.7,96.55,48.3,2015-2016,Milwaukee Bucks,52.29,13.75,15.17,18.57,0.22,10.1,12.37,7.96,9.97,11.97,14.38,2015-2016,REG,82
Minnesota Timberwolves,82,29,53,48.5,107.1,31.5,74.7,8,4.6,17.8,13.2,13.4,46.1,82,29,53,3976,104.3,107.1,-2.8,61.9,1.56,17.8,24.3,74.7,49.8,15.3,49.8,54.9,97.59,49.7,2015-2016,Minnesota Timberwolves,42.66,13.23,23.9,20.06,0.15,11.88,12.42,9.55,9.94,13.91,14.61,2015-2016,REG,82
New Orleans Pelicans,82,30,52,48.2,107.3,33.1,78.8,7.7,4.2,15,11.3,11.7,43.2,82,30,52,3956,103.2,107.3,-4.1,57.7,1.65,16.9,21.2,78.8,49,13.5,49.8,53.7,98.91,47.2,2015-2016,New Orleans Pelicans,41.01,13.76,17.54,27.48,0.21,12.52,12.92,10.67,10.65,14.03,14.92,2015-2016,REG,82
New York Knicks,82,32,50,48.3,104.8,34,75.8,5.7,5.7,15.4,12.7,12.8,43.1,82,32,50,3961,102,104.8,-2.8,55.7,1.53,16.1,23.7,75.8,50.1,13.9,48.3,52.7,95.83,48.7,2015-2016,New York Knicks,36.61,17.61,20.26,25.32,0.2,12.99,12,11.21,9.95,14.38,13.63,2015-2016,REG,82
Oklahoma City Thunder,82,55,27,48.4,103,35.6,76,7.4,5.9,17.6,13.9,13.2,45.2,82,55,27,3966,109.9,103,6.9,55.8,1.44,16.8,31.1,76,54.7,15.9,52.4,56.5,99.37,54.6,2015-2016,Oklahoma City Thunder,42.72,15.02,14.72,27.41,0.14,11.95,11.79,9.7,9.64,13.99,13.47,2015-2016,REG,82
Orlando Magic,82,35,47,48.5,104.6,33,76.5,8.2,5.1,16,11.4,13.2,43.5,82,35,47,3981,102.6,104.6,-2,59.6,1.67,17.7,23.1,76.5,49.4,14.2,50,53.3,98.16,48.8,2015-2016,Orlando Magic,40.92,13.01,20.6,25.14,0.34,12.52,12.51,10.38,10.31,14.3,14.39,2015-2016,REG,82
Philadelphia 76ers,82,10,72,48.3,106.7,31.8,74,8.3,6,20,14.7,16.7,45.6,82,10,72,3961,96.6,106.7,-10,59.4,1.31,16.3,20.6,74,46.4,16.2,48.7,51.9,100.23,42.8,2015-2016,Philadelphia 76ers,44.42,12.85,9.98,32.52,0.23,12.42,11.96,9.9,9.92,14.33,13.73,2015-2016,REG,82
Phoenix Suns,82,23,59,48.1,107,33.3,77.1,7.7,3.8,20.2,12.6,17.3,43.8,82,23,59,3941,99.4,107,-7.6,55.8,1.21,15.5,25.4,77.1,50.6,16.9,48.7,52.6,100.86,45,2015-2016,Phoenix Suns,41.74,12.58,15.53,29.94,0.21,12.61,12.58,10.37,10.47,14.33,14.43,2015-2016,REG,82
Portland Trail Blazers,82,44,38,48.3,105.6,33.9,76.2,6.9,4.6,16.3,12.4,11.1,40.9,82,44,38,3961,106.1,105.6,0.6,55.2,1.46,16.2,25.9,76.2,51,14.8,51.1,54.8,98.31,49.3,2015-2016,Portland Trail Blazers,39.08,12.02,15.66,33.04,0.2,13.33,12.63,11.5,10.97,14.83,14.01,2015-2016,REG,82
Sacramento Kings,82,33,49,48.3,106.3,33.7,74.9,8.9,4.5,18.6,13.6,15,43.6,82,33,49,3961,103.3,106.3,-3,61.2,1.52,17.7,23.9,74.9,49.6,15.7,51,54.6,102.24,49.4,2015-2016,Sacramento Kings,48.15,10.36,15.52,25.71,0.25,11.68,13.27,9.49,11.09,13.58,15.15,2015-2016,REG,82
San Antonio Spurs,82,67,15,48.1,96.6,34.5,79.1,8.3,5.9,13.5,10.7,12.1,40.1,82,67,15,3941,108.4,96.6,11.8,61.1,1.88,18.9,23,79.1,52,13.7,52.6,56.4,95.72,57.8,2015-2016,San Antonio Spurs,38.78,18.74,20.19,22.06,0.22,12.19,12.17,10.25,10.13,14.02,13.75,2015-2016,REG,82
Toronto Raptors,82,56,26,48.2,102.7,33.2,77.7,7.8,5.5,14.2,11.6,11,40.1,82,56,26,3956,107,102.7,4.3,51.1,1.43,15,24.6,77.7,51.6,13.6,50.4,55.2,95.31,52.5,2015-2016,Toronto Raptors,42.74,14.72,13.9,28.37,0.27,12.38,12.58,10.4,10.88,14,13.94,2015-2016,REG,82
Utah Jazz,82,40,42,48.7,101.6,32.5,77.7,7.7,5.2,16,11.5,11.7,39.6,82,40,42,3991,103.1,101.6,1.6,52.6,1.27,15.2,25.9,77.7,51.9,15.8,50.1,54,93.26,50.8,2015-2016,Utah Jazz,41.32,16.34,12.73,29.27,0.35,12.32,12.33,10.18,10.39,14.06,13.89,2015-2016,REG,82
Washington Wizards,82,41,41,48.2,103.6,32.8,77.7,8.6,3.9,15.7,11.7,12.7,41.2,82,41,41,3951,102.9,103.6,-0.7,61.9,1.69,18.2,20.6,77.7,48.6,14.3,51.1,54.4,100.63,49.7,2015-2016,Washington Wizards,38.48,14.4,18.96,27.91,0.26,12.97,13.03,10.64,10.93,14.96,14.83,2015-2016,REG,82
Atlanta Hawks,82,60,22,48.1,100.7,31.8,73.4,9.1,4.6,15.7,14.2,11.2,39.4,82,60,22,3946,106.2,100.7,5.6,67.6,1.81,19.7,21.4,73.4,48.2,14.7,52.7,56.3,96.25,,2014-2015,Atlanta Hawks,41.85,10.93,15.09,32.08,0.04,12.75,13.04,10.85,10.75,14.41,14.84,2014-2015,REG,82
Boston Celtics,82,40,42,48.5,102.1,32.7,75,8.2,3.6,16.2,13.5,10.9,44.6,82,40,42,3976,101.7,102.1,-0.4,62.9,1.77,18.1,24.7,75,49.5,13.9,48.9,52.3,98.4,,2014-2015,Boston Celtics,39.64,13.03,19.33,27.79,0.22,12.84,12.19,10.56,9.82,14.66,14.14,2014-2015,REG,82
Brooklyn Nets,82,38,44,48.6,105,32,73.7,7,4.1,15.6,14,13.8,43.6,82,38,44,3986,101.9,105,-3.1,55.9,1.51,16.4,23.9,73.7,48.9,14.4,49.1,52.9,94.97,54,2014-2015,Brooklyn Nets,42.64,17.05,16.31,23.63,0.37,11.92,12.43,9.76,10.13,13.69,14.36,2014-2015,REG,82
Charlotte Hornets,82,33,49,48.5,101,34.1,79.3,6.1,5.5,12.8,12.6,11,38.5,82,33,49,3981,97.6,101,-3.4,56.8,1.69,15.9,22.1,79.3,50,12.3,45.6,49.8,95.33,49.8,2014-2015,Charlotte Hornets,37.61,16.42,23.38,22.33,0.26,12.75,12.8,10.8,11.05,14.16,14.18,2014-2015,REG,82
Chicago Bulls,82,50,32,48.5,101.5,34,74.4,6.3,5.8,15.3,13.2,13,40.8,82,50,32,3976,104.7,101.5,3.3,59.3,1.56,16.8,27,74.4,51.3,14.5,48.9,53.6,95.35,48,2014-2015,Chicago Bulls,43.71,13.09,16.33,26.51,0.35,12.18,12.3,10.23,10.51,13.72,13.68,2014-2015,REG,82
Cleveland Cavaliers,82,53,29,48.2,104.1,31.9,74.7,7.4,4.1,16.2,12.4,11.8,42.7,82,53,29,3956,107.7,104.1,3.7,58.7,1.55,17.2,26.8,74.7,51.1,14.9,52,55.7,94.78,48.2,2014-2015,Cleveland Cavaliers,41.88,12.35,12.33,33.3,0.15,12.77,12.28,10.55,10,14.66,14.18,2014-2015,REG,82
Dallas Mavericks,82,50,32,48.5,103.7,31.8,72.2,8.1,4.5,15.2,14,15.9,40.9,82,50,32,3976,107.2,103.7,3.5,56.7,1.74,17.2,23.6,72.2,47.8,13.2,51.5,55,97.43,52.9,2014-2015,Dallas Mavericks,40.05,12.17,18.18,29.46,0.14,12.81,12.7,10.47,10.56,14.81,14.46,2014-2015,REG,82
Denver Nuggets,82,30,52,48.5,105.5,32.4,74.7,7.8,4.5,16.4,14.1,13.2,42.9,82,30,52,3976,101.6,105.5,-3.9,57.7,1.53,16.3,26.6,74.7,49.8,14.2,47.9,51.8,98.67,51.4,2014-2015,Denver Nuggets,44.48,11.99,15.13,28.09,0.31,12.26,12.35,9.85,10.19,14.11,14.18,2014-2015,REG,82
Detroit Pistons,82,32,50,48.4,104.2,32.1,75,7.6,4.7,15.8,13.5,11.3,43,82,32,50,3966,102.3,104.2,-1.8,58.2,1.61,16.5,27.7,75,50.4,13.9,48.2,51.5,95.18,52.1,2014-2015,Detroit Pistons,48.49,9.67,12.81,28.7,0.33,11.77,12.03,9.61,9.94,13.41,13.78,2014-2015,REG,82
Golden State Warriors,82,67,15,48.1,98.2,34.3,74.5,9.3,6,15.2,14.2,13.9,41.6,82,67,15,3946,109.7,98.2,11.4,65.9,1.9,19.9,24.1,74.5,50.1,14.4,54,57.1,100.69,46.5,2014-2015,Golden State Warriors,39.38,14.17,15.41,30.69,0.35,13.08,12.52,10.94,10.37,15.03,14.13,2014-2015,REG,82
Houston Rockets,82,56,26,48.3,100.5,32,72.9,9.5,5,18.3,14,15.3,44.1,82,56,26,3961,104.2,100.5,3.7,60,1.33,16.6,26.8,72.9,49.9,16.7,51.2,54.8,99.25,47.8,2014-2015,Houston Rockets,46.31,7.65,6.73,39.06,0.25,12.71,12.25,10.03,9.73,14.85,14.26,2014-2015,REG,82
Indiana Pacers,82,38,44,48.4,100.9,34.4,77.9,6.2,4.6,15.5,11.8,13,38.3,82,38,44,3971,100.8,100.9,-0.1,58.6,1.53,16.7,24,77.9,51.2,14.5,48.4,52.3,95.5,56.9,2014-2015,Indiana Pacers,37.81,14.46,22.23,25.22,0.28,13,12.61,11.21,10.68,14.4,14.1,2014-2015,REG,82
Los Angeles Clippers,82,56,26,48.1,103,33.1,75.7,7.8,5,14.9,12.8,12.3,38.8,82,56,26,3946,109.8,103,6.9,62.9,2.01,18.8,22.8,75.7,49.8,12.7,53.3,56.5,96.96,50.9,2014-2015,Los Angeles Clippers,33.97,11.91,21.91,32.03,0.18,14.14,12.98,12,10.84,16.06,14.68,2014-2015,REG,82
Los Angeles Lakers,82,21,61,48.6,108,32.3,76.3,7,4.5,15.9,12.5,15.1,45.1,82,21,61,3986,100.8,108,-7.2,56.2,1.58,16.1,25.4,76.3,49.8,13.6,47.3,51.3,96.33,50.5,2014-2015,Los Angeles Lakers,38.58,16.1,23.3,21.89,0.13,12.54,12.14,10.34,9.83,14.23,14.16,2014-2015,REG,82
Memphis Grizzlies,82,55,27,48.5,99.9,32.1,75.3,8.5,4.2,14.1,11.6,13.4,39,82,55,27,3981,103.1,99.9,3.1,57.4,1.62,17,24.7,75.3,50.1,14,48.9,53.1,94.21,54,2014-2015,Memphis Grizzlies,46.43,17.3,17.92,18.02,0.33,10.95,12.82,8.91,10.6,12.68,14.58,2014-2015,REG,82
Miami Heat,82,37,45,48.1,103.8,30,73.4,7.8,4.5,16.9,13.3,11.4,41,82,37,45,3946,101.5,103.8,-2.4,56.4,1.34,16.2,23.2,73.4,48.8,15.9,50,54,93.26,45,2014-2015,Miami Heat,40.09,15.34,18.37,25.89,0.3,12.38,12.48,9.95,10.18,14.41,14.4,2014-2015,REG,82
Milwaukee Bucks,82,41,41,48.6,99.3,31.4,73.3,9.6,4.9,16.8,13.3,10.7,39.8,82,41,41,3986,100.5,99.3,1.2,62.7,1.41,17.9,25.4,73.3,49.5,17.2,49.9,53.6,96.5,53,2014-2015,Milwaukee Bucks,44.86,13.63,19.21,22.2,0.1,11.4,12.21,9.49,9.95,13.02,13.96,2014-2015,REG,82
Minnesota Timberwolves,82,16,66,48.3,109.6,29.3,71.6,8.1,4,17.4,14.9,14.3,48,82,16,66,3961,99.8,109.6,-9.8,59.3,1.44,16.5,26.6,71.6,48.4,15.3,46.8,51.7,96.96,49.2,2014-2015,Minnesota Timberwolves,43.05,15.53,23.5,17.73,0.19,11.6,12.22,9.5,9.66,13.23,14.64,2014-2015,REG,82
New Orleans Pelicans,82,45,37,48.2,104.7,32,75.1,6.7,6.2,14.8,12.9,13.7,46.5,82,45,37,3956,105.4,104.7,0.7,58.1,1.66,17.2,27.1,75.1,51.1,14.1,50.1,53.7,93.7,51.1,2014-2015,New Orleans Pelicans,46.64,13.1,16.93,23.06,0.27,11.42,11.46,9.6,9.15,12.96,13.4,2014-2015,REG,82
New York Knicks,82,17,65,48.4,107.2,29.8,73.1,7,4.7,17.1,12.5,12.3,41.1,82,17,65,3971,97.1,107.2,-10.1,60.6,1.45,16.8,24.5,73.1,48.1,15.5,47,50.8,93.67,45.3,2014-2015,New York Knicks,35.82,15.54,24.65,23.73,0.27,13.27,12.2,11.61,10.33,14.51,13.79,2014-2015,REG,82
Oklahoma City Thunder,82,45,37,48.4,103.1,34.7,75.6,7.3,5.5,16.5,12.8,12.5,42.8,82,45,37,3966,104.5,103.1,1.3,52.8,1.4,15.4,28.9,75.6,52.6,14.8,49.2,53.2,98.35,50.8,2014-2015,Oklahoma City Thunder,43.3,14.14,16.42,25.98,0.16,11.93,12.1,9.73,9.96,13.71,13.78,2014-2015,REG,82
Orlando Magic,82,25,57,48.2,105.2,31.8,76,7.9,3.8,16.9,11.7,12.3,41,82,25,57,3951,99.6,105.2,-5.6,55,1.39,16.3,23.1,76,49,15.5,49.4,52.4,95.89,44.1,2014-2015,Orlando Magic,45.47,13.8,17.14,23.37,0.22,11.56,12.75,9.53,10.56,13.24,14.64,2014-2015,REG,82
Philadelphia 76ers,82,18,64,48.3,102.1,30.9,73,9.6,5.9,20.6,14,14.6,41.7,82,18,64,3961,93,102.1,-9.1,60.9,1.16,15.6,25.5,73,48.1,17.9,45.9,49.4,98.28,50.5,2014-2015,Philadelphia 76ers,47.15,9.25,11.75,31.59,0.27,12.22,12.14,9.64,10.04,14,13.84,2014-2015,REG,82
Phoenix Suns,82,39,43,48.5,103.4,32.2,73.5,8.5,4.7,17.2,14.4,15.2,45.3,82,39,43,3976,102.9,103.4,-0.5,52.2,1.34,15.5,24.5,73.5,48.8,15.2,50.1,53.7,98.68,45.5,2014-2015,Phoenix Suns,39.64,16.01,15.26,28.77,0.33,12.61,11.88,10.17,9.65,14.61,13.71,2014-2015,REG,82
Portland Trail Blazers,82,51,31,48.4,101.4,35.1,76.2,6.4,4.5,15.1,13.8,13.3,43.1,82,51,31,3971,105.5,101.4,4.2,56.7,1.61,16.9,24.2,76.2,50.7,14,50.8,54.4,96.46,42.6,2014-2015,Portland Trail Blazers,35.47,13.95,18.96,31.41,0.21,13.74,11.97,11.47,10.04,15.59,13.49,2014-2015,REG,82
Sacramento Kings,82,29,53,48.4,106.5,33.3,75.2,6.7,4,18.6,13.6,16.8,43.9,82,29,53,3971,102.5,106.5,-4,55.4,1.25,15.6,26.5,75.2,51.8,16.4,49,54.2,97.92,49.1,2014-2015,Sacramento Kings,48.18,13.14,18.19,20.28,0.22,11.05,12.91,9.03,10.51,12.75,14.93,2014-2015,REG,82
San Antonio Spurs,82,55,27,48.7,99.6,33.8,77.3,8,5.4,15.1,11.9,14.1,42.5,82,55,27,3991,106.2,99.6,6.6,62.3,1.75,18.6,23.4,77.3,50.9,14.4,51.7,55.5,95.93,52.2,2014-2015,San Antonio Spurs,43.01,15.28,14.78,26.78,0.15,12.05,11.67,10,9.83,13.86,13.14,2014-2015,REG,82
Toronto Raptors,82,49,33,48.4,104.8,30.8,73.3,7.5,4.4,15,14.2,12.4,43.7,82,49,33,3971,108.1,104.8,3.2,54.7,1.61,16.2,25.6,73.3,49.5,13.4,50.8,55.3,95.4,48.5,2014-2015,Toronto Raptors,41.43,13.82,14.52,30.05,0.18,12.77,12.2,10.45,10.02,14.71,14.05,2014-2015,REG,82
Utah Jazz,82,38,44,48.1,102.1,31.9,76.3,7.6,6,17.4,12.5,12.6,39.5,82,38,44,3941,102.5,102.1,0.5,56.3,1.3,16,29.1,76.3,52.8,16.5,49.4,53.1,92.78,54.5,2014-2015,Utah Jazz,43.59,12.93,16.01,27.17,0.29,12.19,12.34,9.64,10.46,14.25,13.85,2014-2015,REG,82
Washington Wizards,82,46,36,48.7,100,34.2,77.3,7.3,4.6,16.3,12.6,11.7,38.3,82,46,36,3991,101.8,100,1.9,62.7,1.6,18.3,24.9,77.3,51.7,15.5,49.9,53.4,95.96,50.6,2014-2015,Washington Wizards,39.57,17.11,22.96,20.16,0.19,12.11,13.01,9.94,11.01,13.97,14.55,2014-2015,REG,82
Atlanta Hawks,82,38,44,48.4,104.1,31.3,74.4,8.3,4,17.3,13.2,12.4,42.5,82,38,44,3966,103.4,104.1,-0.7,66.7,1.63,19,21,74.4,47.9,15.6,51.5,55.4,96.87,50.2,2013-2014,Atlanta Hawks,39.91,13.98,14.48,31.43,0.19,12.91,12.48,10.83,10.44,14.67,14.22,2013-2014,REG,82
Boston Celtics,82,25,57,48.1,105.2,30.5,74.2,7.1,4.2,16.5,13.8,13.3,44.8,82,25,57,3946,99.7,105.2,-5.5,57.6,1.37,16.3,27.4,74.2,50.1,15.9,47.7,51.7,95.88,46.1,2013-2014,Boston Celtics,39.44,13.56,21.89,24.89,0.22,12.77,11.66,10.76,9.44,14.32,13.58,2013-2014,REG,82
Brooklyn Nets,82,44,38,48.5,104.9,29.4,72.3,8.6,3.8,16.6,12.8,13,41.1,82,44,38,3976,104.4,104.9,-0.6,58.5,1.44,16.8,21.7,72.3,47.1,15.4,51.4,55.5,93.68,49.2,2013-2014,Brooklyn Nets,38.48,15.45,16.01,29.69,0.38,13.09,12.47,11.1,10.43,14.78,14.2,2013-2014,REG,82
Charlotte Bobcats,82,43,39,48.5,101.2,33.2,77.6,6.1,5.1,14,12.6,10.2,38.8,82,43,39,3981,101.2,101.2,0.1,59.7,1.76,17.1,21.9,77.6,49.6,12.9,48.1,52.2,94.73,50.8,2013-2014,Charlotte Bobcats,40.81,15.55,21.82,21.55,0.27,12.15,12.59,9.99,10.85,13.87,13.98,2013-2014,REG,82
Chicago Bulls,82,48,34,48.6,97.8,32.7,75.4,7.2,5.2,15.6,11.7,12.4,37,82,48,34,3986,99.7,97.8,1.9,65.4,1.52,17.7,27.2,75.4,51.7,15.9,47.1,51.8,92.72,52.8,2013-2014,Chicago Bulls,42.04,13.61,22.17,21.83,0.35,12.18,12.6,10.37,10.68,13.57,14.05,2013-2014,REG,82
Cleveland Cavaliers,82,33,49,48.6,104.8,32.1,75.8,7.1,3.7,16.6,12.6,12.1,38.9,82,33,49,3986,101.3,104.8,-3.5,57.2,1.49,16.3,27.2,75.8,50.9,14.6,47.9,51.8,95.68,46.9,2013-2014,Cleveland Cavaliers,40.65,16.09,19.69,23.22,0.35,12.3,13.21,10.57,11.03,13.64,15.01,2013-2014,REG,82
Dallas Mavericks,82,49,33,48.4,105.9,30.7,72.7,8.6,4.3,16.2,13.5,15.6,43.6,82,49,33,3966,109,105.9,3,59.6,1.74,18.1,24.6,72.7,48.8,14.1,52.6,56.4,95.74,52.1,2013-2014,Dallas Mavericks,38.08,17.25,17.3,27.13,0.25,12.77,12.36,10.87,10.04,14.49,14.37,2013-2014,REG,82
Denver Nuggets,82,36,46,48.2,105.4,33.1,74.5,7.5,5.6,17.6,14.1,13.5,45.3,82,36,46,3951,103.3,105.4,-2.1,58.4,1.41,16.5,27.5,74.5,50.9,15.7,49.7,53.6,100.68,48.1,2013-2014,Denver Nuggets,46.46,10.71,15,27.51,0.33,12.02,11.92,9.77,9.87,13.83,13.65,2013-2014,REG,82
Detroit Pistons,82,29,53,48.2,107.3,30.8,73.4,8.4,4.8,16.9,14,14.1,44.3,82,29,53,3956,102.9,107.3,-4.4,53.9,1.44,15.6,31.4,73.4,51.4,14.8,48.2,51.4,97.39,46.4,2013-2014,Detroit Pistons,52.27,9.84,15.72,21.83,0.34,10.66,12.1,7.95,9.94,12.84,14.02,2013-2014,REG,82
Golden State Warriors,82,51,31,48.4,99.9,34.4,76.3,7.8,5,17,13,13.3,40.7,82,51,31,3966,105.3,99.9,5.4,59.1,1.53,17.5,25.1,76.3,51.1,15.4,51.7,55,98.53,52.8,2013-2014,Golden State Warriors,40.06,13.99,16.87,28.78,0.3,12.93,12.59,10.94,10.59,14.64,14.13,2013-2014,REG,82
Houston Rockets,82,54,28,48.4,103.1,34.1,74.1,7.6,5.6,18,14.6,13.8,44,82,54,28,3966,108.6,103.1,5.5,56.3,1.33,16.2,27.4,74.1,52.1,16.3,53.1,57.1,98.81,53.4,2013-2014,Houston Rockets,52.38,8.06,6.59,32.8,0.17,11.46,12.41,8.9,10.26,13.75,14.12,2013-2014,REG,82
Indiana Pacers,82,56,26,48.2,96.7,34.5,76.8,6.7,5.4,15.4,11.7,11.7,35.7,82,56,26,3956,101.5,96.7,4.8,56,1.33,16,24.9,76.8,52.1,15.8,49,53.5,94.9,54.5,2013-2014,Indiana Pacers,39.71,16.36,20.48,23.17,0.27,12.49,12.53,10.73,10.98,13.93,13.66,2013-2014,REG,82
Los Angeles Clippers,82,57,25,48.2,102.1,32.5,72.5,8.6,4.8,15.6,14.2,11.1,44.6,82,57,25,3951,109.4,102.1,7.3,62.8,1.77,18.4,25,72.5,49.6,14,52.6,56.7,98.39,54.8,2013-2014,Los Angeles Clippers,37.79,12.38,20.83,28.83,0.18,13.31,12.13,10.78,9.68,15.61,14.06,2013-2014,REG,82
Los Angeles Lakers,82,27,55,48.1,107.9,32,71,7.5,5.4,18.3,15.8,16.7,49.2,82,27,55,3941,101.9,107.9,-6,63.9,1.62,18.2,20.2,71,45.6,15,50.5,54.2,100.98,46,2013-2014,Los Angeles Lakers,39.17,14.88,16.89,28.96,0.09,13.03,11.96,11.15,9.74,14.58,13.92,2013-2014,REG,82
Memphis Grizzlies,82,50,32,48.3,102.1,30.8,75.7,7.7,4.6,15.6,11.5,13.4,38.6,82,50,32,3961,103.3,102.1,1.2,57.4,1.59,17.3,28.3,75.7,52,14.7,49.4,52.9,92.25,51.8,2013-2014,Memphis Grizzlies,48.24,15.6,19.1,16.78,0.28,10.78,12.67,8.9,10.67,12.41,14.31,2013-2014,REG,82
Miami Heat,82,54,28,48.5,102.9,29.2,73,8.9,4.5,17.4,13.3,12,41.1,82,54,28,3976,109,102.9,6.1,58.8,1.52,18.2,20.6,73,47.8,15.8,55.4,59,93.26,53.9,2013-2014,Miami Heat,42.53,11.53,16.76,29.05,0.13,12.28,12.46,9.59,10.18,14.98,14.39,2013-2014,REG,82
Milwaukee Bucks,82,15,67,48.5,108.9,29.3,71.4,6.6,4.9,17.8,13.2,12.9,42.4,82,15,67,3976,100.2,108.9,-8.7,59.6,1.42,16.7,27.1,71.4,48.6,15.8,47.9,51.9,94.28,44.9,2013-2014,Milwaukee Bucks,44.96,13.82,18.17,22.94,0.1,11.62,12.07,9.82,10.15,13.03,13.77,2013-2014,REG,82
Minnesota Timberwolves,82,40,42,48.4,104.1,32.2,74.4,8.8,3.6,15.9,12.9,16.3,46.1,82,40,42,3971,105.6,104.1,1.4,61.6,1.72,17.4,27.4,74.4,50.3,13.8,48.6,53.5,99.82,51.9,2013-2014,Minnesota Timberwolves,45.4,12.74,17.4,24.25,0.21,11.63,12.26,9.21,9.97,13.56,14.3,2013-2014,REG,82
New Orleans Pelicans,82,34,48,48.4,107.3,30.3,73.8,7.9,6.4,16.1,12.9,13.5,43.8,82,34,48,3971,104.7,107.3,-2.6,56.3,1.55,16.6,26.9,73.8,50,14.5,49.5,53.7,94.51,48.3,2013-2014,New Orleans Pelicans,47.92,14.35,18.46,18.92,0.35,10.99,12.16,9.34,9.74,12.38,14.26,2013-2014,REG,82
New York Knicks,82,37,45,48.4,106.5,29.7,74.3,7.7,4.5,15,12.7,11.7,39.5,82,37,45,3971,105.4,106.5,-1,54.2,1.54,16.1,25.1,74.3,49,13.9,50.5,54.1,92.59,49,2013-2014,New York Knicks,34.23,13.28,22.21,29.9,0.37,13.91,12.51,11.98,10.46,15.49,14.24,2013-2014,REG,82
Oklahoma City Thunder,82,59,23,48.3,101,33.9,75.6,8.3,6.1,17.3,12.3,12.8,39.7,82,59,23,3961,108.1,101,7.1,56.2,1.43,16.7,26.5,75.6,52.2,15.6,52,56.6,97.91,54.3,2013-2014,Oklahoma City Thunder,39.88,16.3,16.71,26.85,0.27,12.48,12.44,10.3,10.54,14.43,13.92,2013-2014,REG,82
Orlando Magic,82,23,59,48.7,104.8,32.4,75.5,7.7,4.3,16.7,13,13.2,39.9,82,23,59,3991,99.3,104.8,-5.5,57.1,1.41,16.5,22.4,75.5,48.9,15.3,48.7,52.5,95.87,46.6,2013-2014,Orlando Magic,39.21,14.1,23.19,23.25,0.25,12.63,12.93,10.78,10.97,14.12,14.58,2013-2014,REG,82
Philadelphia 76ers,82,19,63,48.4,107.5,31.2,72.4,9.3,4,19.2,14.1,16.6,44.2,82,19,63,3971,96.8,107.5,-10.7,57.6,1.29,16,24.8,72.4,47.7,16.4,47.5,51,101.62,42.6,2013-2014,Philadelphia 76ers,51.3,11.75,11.14,25.53,0.28,10.91,12.6,8.48,10.25,12.78,14.7,2013-2014,REG,82
Phoenix Suns,82,48,34,48.2,103.8,31.7,73.7,8.4,4.6,16.9,14.3,14.1,45.5,82,48,34,3951,107.1,103.8,3.3,49.3,1.24,14.8,26.4,73.7,50.1,15.6,51.9,55.8,98.16,50.9,2013-2014,Phoenix Suns,40.23,15.46,14.31,29.77,0.23,12.6,11.72,10.47,9.49,14.44,13.59,2013-2014,REG,82
Portland Trail Blazers,82,54,28,48.4,104.7,34,74.7,5.5,4.7,15.6,14,13.3,45.6,82,54,28,3971,108.3,104.7,3.5,59.4,1.69,17.3,28,74.7,51.6,13.9,50.4,54.8,97.48,52.4,2013-2014,Portland Trail Blazers,36.09,14.1,20.75,28.89,0.17,13.4,11.53,11.52,9.83,14.94,12.94,2013-2014,REG,82
Sacramento Kings,82,28,54,48.4,106.3,32.4,76.6,7.2,3.9,17.1,11.9,15.3,41.9,82,28,54,3966,102.9,106.3,-3.4,51.1,1.24,14.7,27.8,76.6,51.9,15.6,48.4,53.2,96.75,47.3,2013-2014,Sacramento Kings,44.99,14.44,18.77,21.64,0.16,11.78,12.78,9.67,10.63,13.49,14.62,2013-2014,REG,82
San Antonio Spurs,82,62,20,48.2,100.1,34,76.4,7.4,5.1,16.3,12.7,12.8,42.2,82,62,20,3951,108.2,100.1,8.1,62.1,1.75,19.1,22.7,76.4,50.6,14.8,53.7,57.1,97.07,55.5,2013-2014,San Antonio Spurs,43.3,12.98,18.06,25.46,0.2,12.08,11.94,10.11,10.11,13.94,13.39,2013-2014,REG,82
Toronto Raptors,82,48,34,48.7,102.4,31.1,74.9,7,4.2,16.8,13.1,12.1,42.9,82,48,34,3991,105.8,102.4,3.5,58.1,1.5,16.5,27.2,74.9,50.9,14.8,49.8,54.5,94.42,51.2,2013-2014,Toronto Raptors,39.35,14.1,18.03,28.31,0.21,13.07,11.73,11.17,9.73,14.6,13.37,2013-2014,REG,82
Utah Jazz,82,25,57,48.2,109.1,30.2,74.5,7,4.5,17.4,12.3,15.6,45.8,82,25,57,3956,100.6,109.1,-8.4,56.4,1.39,16.1,25.5,74.5,49.2,15.5,48.4,52.3,93.57,45.1,2013-2014,Utah Jazz,41.94,14.5,19.88,23.31,0.38,12.24,11.74,9.94,9.66,14.07,13.6,2013-2014,REG,82
Washington Wizards,82,44,38,48.9,102.4,31.4,75.7,8.1,4.6,16.8,12.9,12.3,41.9,82,44,38,4011,103.3,102.4,0.9,60.1,1.59,17.7,25.2,75.7,50,15.1,50.6,53.8,95.45,50.4,2013-2014,Washington Wizards,38.8,14.54,22.04,24.41,0.2,12.73,12.61,10.51,10.27,14.61,14.6,2013-2014,REG,82
Atlanta Hawks,82,44,38,48.4,101.8,31.6,73.6,8.1,4.5,16.7,13.2,12,41,82,44,38,3971,102.7,101.8,0.9,65.1,1.65,19,22.2,73.6,48.3,15.6,51.7,54.6,94.72,50.9,2012-2013,Atlanta Hawks,40.43,10.19,20.77,28.42,0.2,12.95,12.26,10.6,10.51,14.98,13.7,2012-2013,REG,82
Boston Celtics,81,41,40,49,100.4,31.3,73.3,8.2,4.5,16.9,14.3,12.1,42.7,81,41,40,3968,101.1,100.4,0.7,61.4,1.56,18,20.1,73.3,47.5,15.3,50.3,54.2,93.98,50.7,2012-2013,Boston Celtics,38.49,16.1,23.88,21.15,0.37,12.39,11.85,10.63,9.45,13.92,13.74,2012-2013,REG,81
Brooklyn Nets,82,49,33,48.4,103.6,30,73.7,7.3,4.8,16.9,12.4,13.9,43.4,82,49,33,3971,105,103.6,1.4,56.7,1.38,16.2,30.9,73.7,52.2,15.9,49.8,53.6,91.23,50.9,2012-2013,Brooklyn Nets,43.28,14.49,15.36,26.66,0.2,12.16,11.87,10.23,9.86,13.73,13.62,2012-2013,REG,82
Charlotte Bobcats,82,21,61,48.3,108.9,29.1,71.1,7.2,5.8,17,14,13.8,43.9,82,21,61,3961,98.3,108.9,-10.6,56.2,1.38,15.4,25.7,71.1,47.8,14.8,46,50.7,94.03,43.8,2012-2013,Charlotte Bobcats,43,14.78,21.18,20.77,0.27,11.71,12.07,9.74,10,13.16,13.92,2012-2013,REG,82
Chicago Bulls,82,45,37,48.4,100.3,30.7,73.6,7.2,5.1,15.4,12.7,13.1,39.3,82,45,37,3966,100.4,100.3,0.1,64.5,1.61,17.9,29.4,73.6,51.2,15.4,47,51.2,91.97,51.4,2012-2013,Chicago Bulls,41.68,16.84,22.59,18.63,0.25,11.73,12.12,9.75,10.04,13.27,13.77,2012-2013,REG,82
Cleveland Cavaliers,82,24,58,48.1,106.9,28.8,72.6,7.9,4.1,16.2,13.7,13.1,42.5,82,24,58,3946,100.8,106.9,-6.1,56.6,1.47,16.1,28.1,72.6,49.3,14.6,47.3,51.4,94.95,45,2012-2013,Cleveland Cavaliers,42.5,15.82,18.77,22.74,0.17,11.89,12.13,10.18,9.9,13.19,14.16,2012-2013,REG,82
Dallas Mavericks,82,41,41,48.7,104,32.6,73.1,7.9,5.5,17.1,13.6,14,41.1,82,41,41,3996,103.6,104,-0.4,59.9,1.67,17.9,21.8,73.1,47.9,14.3,50.6,54.4,96.25,50.2,2012-2013,Dallas Mavericks,37.74,20.43,18.2,23.33,0.3,12.55,12.28,10.81,10.33,14.04,13.84,2012-2013,REG,82
Denver Nuggets,82,57,25,48.5,102,31.7,71.8,9.3,6.5,17.3,14.9,12.2,40.7,82,57,25,3981,107.6,102,5.6,60,1.6,17.9,31.4,71.8,52,15.5,51.5,54.9,97.76,53.8,2012-2013,Denver Nuggets,55.74,11.02,11.53,21.37,0.34,9.86,12.37,7.27,10.71,12.24,13.7,2012-2013,REG,82
Detroit Pistons,82,29,53,48.3,105.6,30,73,7,4.9,17.8,13.5,13.5,42.9,82,29,53,3961,100.9,105.6,-4.8,58.5,1.4,16.7,28.3,73,50.2,16.1,48.7,52.1,93.21,46.7,2012-2013,Detroit Pistons,51.3,10.09,16.9,21.41,0.3,10.61,12.02,8.45,9.67,12.38,14.02,2012-2013,REG,82
Golden State Warriors,82,47,35,48.3,102.6,34.2,75.5,6.9,4.2,17.3,13.9,13.8,40.4,82,47,35,3961,104.2,102.6,1.7,58.9,1.49,17.3,25.4,75.5,51.3,15.5,50.6,54.5,96.81,50.2,2012-2013,Golden State Warriors,37.11,16.15,22.88,23.55,0.31,13,13.14,11.51,10.93,14.27,14.87,2012-2013,REG,82
Houston Rockets,82,45,37,48.2,103.5,32.3,75.2,8.3,4.4,18.4,12.6,14.2,41.9,82,45,37,3956,106.7,103.5,3.3,60.9,1.41,17.4,26.4,75.2,51,16.6,52.5,56.4,98.64,51,2012-2013,Houston Rockets,47.18,7.34,10.56,34.74,0.18,12.3,12.71,9.84,10.65,14.41,14.43,2012-2013,REG,82
Indiana Pacers,81,49,32,48.4,96.6,33,74.6,7.2,6.3,16,13,10.1,35.5,81,49,32,3918,101.6,96.6,5,57.8,1.34,16.1,30.3,74.6,52.9,16.2,47.9,52.1,92.84,53.7,2012-2013,Indiana Pacers,42.18,15.53,17.8,24.13,0.37,12.23,12.32,10.11,10.76,13.88,13.45,2012-2013,REG,81
Los Angeles Clippers,82,56,26,48.1,101,30.2,73.5,9.6,5.6,16,13,12.3,37.2,82,56,26,3946,107.7,101,6.7,62,1.64,18.5,28.8,73.5,51.6,15.6,52.6,55.7,93.56,54.8,2012-2013,Los Angeles Clippers,42.63,11.38,19.5,26.32,0.17,12.53,12.82,10.07,10.87,14.78,14.37,2012-2013,REG,82
Los Angeles Lakers,82,45,37,48.2,103.6,33.3,74.3,7,5.2,16.7,13.8,15.9,44.1,82,45,37,3951,105.6,103.6,2,59.8,1.48,17,27,74.3,51.2,15.5,51.2,54.8,96.78,51.3,2012-2013,Los Angeles Lakers,42.37,11.6,15.74,29.99,0.3,12.84,12.39,10.56,10.24,14.76,14.18,2012-2013,REG,82
Memphis Grizzlies,82,56,26,48.3,97.4,29.8,74.3,8.6,5.3,14.9,11.9,12.4,38,82,56,26,3961,101.7,97.4,4.2,57.9,1.5,16.6,31,74.3,52.2,15.2,47.2,51.4,91.15,53.1,2012-2013,Memphis Grizzlies,45.59,16.87,20.96,16.38,0.19,11.04,12.26,9.38,10.01,12.36,13.99,2012-2013,REG,82
Miami Heat,82,66,16,48.5,100.5,30.4,73,8.7,5.4,15.7,14.7,11.9,39.9,82,66,16,3976,110.3,100.5,9.9,60,1.65,18.5,22.2,73,49,15,55.2,58.8,92.97,56.4,2012-2013,Miami Heat,38.83,13.55,19.15,28.3,0.17,12.72,12.33,10.52,10.24,14.89,13.97,2012-2013,REG,82
Milwaukee Bucks,82,38,44,48.4,102.3,30.9,71.3,8.4,6.7,16.8,14.6,15.1,46.2,82,38,44,3966,100.9,102.3,-1.4,60,1.62,17.1,27.9,71.3,48.8,14.4,47.6,51,97.32,48.8,2012-2013,Milwaukee Bucks,43.65,14.88,18.26,23.08,0.13,11.72,10.97,9.83,8.99,13.18,12.63,2012-2013,REG,82
Minnesota Timberwolves,82,31,51,48.1,102.9,30.2,74,8.5,4.7,16.5,12.7,14,42.3,82,31,51,3946,100.1,102.9,-2.8,62.4,1.51,17.2,27.4,74,49.9,15.5,47.3,51.6,95.22,49.4,2012-2013,Minnesota Timberwolves,44.15,11.19,22.62,21.86,0.18,11.81,12.35,9.44,10.05,13.66,14.36,2012-2013,REG,82
New Orleans Hornets,82,27,55,48.2,107.6,29.6,74.4,6.3,5.4,17.3,12.8,13.2,43.2,82,27,55,3956,102.7,107.6,-5,58.2,1.44,16.8,29.2,74.4,51.4,15.9,48.9,52.8,90.86,46.4,2012-2013,New Orleans Hornets,46.29,13.84,17.5,22.11,0.26,11.59,11.78,9.77,9.83,13.08,13.51,2012-2013,REG,82
New York Knicks,82,54,28,48.1,103.5,29.7,74.7,8.2,3.6,13.5,12.4,12.1,39.7,82,54,28,3946,108.6,103.5,5.1,52.7,1.6,15.8,25.6,74.7,49.3,13.1,51.5,55,92.03,51.2,2012-2013,New York Knicks,35.73,10.09,18.7,34.98,0.49,14.15,12.6,12.1,10.25,15.82,14.59,2012-2013,REG,82
Oklahoma City Thunder,82,60,22,48.4,99.2,33.2,73.4,8.3,7.6,16.7,13.6,12.5,40.7,82,60,22,3966,110.2,99.2,11,56.1,1.4,16.7,26.7,73.4,51.7,15.9,52.7,58,95.89,57,2012-2013,Oklahoma City Thunder,40.32,16.7,18.56,24.2,0.22,12.11,12.06,9.98,10.05,14.08,13.55,2012-2013,REG,82
Orlando Magic,82,20,62,48.2,106.7,31.9,74.6,6.4,4.4,16.8,12.7,12.6,42.8,82,20,62,3956,98.9,106.7,-7.8,60.5,1.57,17.7,25.4,74.6,50,15.3,48.5,51.4,94.48,45.9,2012-2013,Orlando Magic,41.85,15.3,20.6,22.15,0.12,12.09,12.42,9.83,10.33,13.93,14.23,2012-2013,REG,82
Philadelphia 76ers,82,34,48,48.2,103,30.4,73.4,7.4,4.7,14.5,12.2,12.5,40.2,82,34,48,3951,99.5,103,-3.4,61,1.74,17.9,24.9,73.4,48.4,13.9,48.1,50.9,93.31,47.4,2012-2013,Philadelphia 76ers,38.47,17.84,22.85,20.67,0.17,12.25,12.19,10.43,10.16,13.71,13.89,2012-2013,REG,82
Phoenix Suns,82,25,57,48.3,105.7,29.9,71.9,8,5.3,18.6,13.5,14.9,45.6,82,25,57,3961,98.2,105.7,-7.5,60.6,1.45,17.2,27,71.9,49,16.1,47.7,51.2,95.95,45.8,2012-2013,Phoenix Suns,40.03,15.25,23.68,20.79,0.25,12.25,11.45,10.06,9.68,13.98,13.02,2012-2013,REG,82
Portland Trail Blazers,82,33,49,48.4,106.9,30.2,73.3,6.6,4.3,17.2,13.4,14.6,47.4,82,33,49,3971,102.7,106.9,-4.2,59.3,1.48,17.1,25.3,73.3,49,15.5,49.8,53.6,93.72,46.8,2012-2013,Portland Trail Blazers,37.99,12.54,21.14,28.11,0.22,13.12,11.52,10.92,9.2,14.9,13.61,2012-2013,REG,82
Sacramento Kings,82,28,54,48.4,108.6,29.1,71,8.2,4.2,17.6,14.2,16.7,45.2,82,28,54,3966,103,108.6,-5.6,55.3,1.42,16.1,26.6,71,48.2,15,49.1,53.2,96.34,45.4,2012-2013,Sacramento Kings,47.03,11.43,17.19,24.09,0.26,11.72,12.28,9.62,9.89,13.43,14.42,2012-2013,REG,82
San Antonio Spurs,82,58,24,48.5,99.2,33.2,74.9,8.5,5.4,16.4,12.5,14.2,40,82,58,24,3976,105.9,99.2,6.8,64.1,1.71,19.2,20.5,74.9,49.3,15.1,53.1,56.8,96.36,55.1,2012-2013,San Antonio Spurs,43.75,13.56,16.27,26.19,0.22,11.98,11.91,9.93,10.25,13.88,13.22,2012-2013,REG,82
Toronto Raptors,82,34,48,48.7,104.7,29.6,73.4,7.3,4.8,15.5,13.2,11.9,42.5,82,34,48,3996,102.9,104.7,-1.7,59.2,1.57,17,25.5,73.4,49.1,14.5,48.8,53.2,92.94,48.4,2012-2013,Toronto Raptors,37.76,15.41,21.94,24.74,0.15,13.03,11.76,10.76,9.63,14.86,13.57,2012-2013,REG,82
Utah Jazz,82,43,39,48.5,104.3,30,73.2,8.4,6.3,16.9,12.5,13.4,42.6,82,43,39,3976,103.6,104.3,-0.7,61,1.54,17.5,28.8,73.2,50.7,15.6,49.2,53.3,93.4,50.4,2012-2013,Utah Jazz,42.52,14.52,22.32,20.37,0.27,11.98,11.73,9.92,9.86,13.69,13.32,2012-2013,REG,82
Washington Wizards,82,29,53,48.4,100.6,32.3,74.6,7.3,4.6,16.8,12.6,12,38.1,82,29,53,3971,97.8,100.6,-2.7,61,1.43,16.9,24.6,74.6,49.4,15.8,47.5,51.2,94.41,48.1,2012-2013,Washington Wizards,37.66,18.44,21.58,22.12,0.21,12.6,12.76,10.79,10.64,13.99,14.42,2012-2013,REG,82
Atlanta Hawks,66,40,26,49,98.6,31.3,74.4,8.1,4.6,16,12.6,12,40.5,66,40,26,3233,102.4,98.6,3.8,61,1.61,17.7,23.9,74.4,49.3,14.8,50,53.5,92.51,52.6,2011-2012,Atlanta Hawks,40.03,10.42,24.68,24.68,0.19,12.76,12.08,10.59,9.87,14.57,13.84,2011-2012,REG,66
Boston Celtics,66,39,27,48.3,95.5,31.1,72.4,7.5,5.5,16.2,13.6,11.5,39.8,66,39,27,3188,98.9,95.5,3.4,66.5,1.59,19,19.7,72.4,47.3,16,49.6,53.5,92.65,53.5,2011-2012,Boston Celtics,36.28,17.72,26.58,19.31,0.12,12.41,11.52,10.7,9.17,13.87,13.22,2011-2012,REG,66
Charlotte Bobcats,66,7,59,48.2,107.8,28.7,70.9,6,5.5,17.2,15.4,16,48.3,66,7,59,3178,92.3,107.8,-15.5,60.5,1.39,16.1,23.6,70.9,46.4,15.4,43.9,48.3,93.59,41.1,2011-2012,Charlotte Bobcats,38.84,13.43,30.87,16.59,0.26,12.3,10.89,10.04,8.72,13.9,12.86,2011-2012,REG,66
Chicago Bulls,66,50,16,48.3,95.3,32.8,74.3,6.9,5.9,15.4,11.9,12.1,38.2,66,50,16,3188,104.5,95.3,9.3,61.9,1.65,17.9,32.6,74.3,53.9,15.2,49,52.3,91.79,56.1,2011-2012,Chicago Bulls,40.93,14.61,24.02,20.12,0.31,12.1,11.92,10.24,10.01,13.64,13.32,2011-2012,REG,66
Cleveland Cavaliers,66,21,45,48.4,106,29.5,72.2,7.1,4,16.9,14.5,11.7,43.6,66,21,45,3193,98.1,106,-7.9,57.9,1.29,15.6,28.9,72.2,49.7,16.2,46.3,50.5,93.96,43.9,2011-2012,Cleveland Cavaliers,48.2,11.49,16.67,23.53,0.09,11.21,11.78,9.1,9.61,12.76,13.67,2011-2012,REG,66
Dallas Mavericks,66,36,30,48.7,99.7,32.7,74.8,8.6,5.1,15.8,12.3,14.4,38.9,66,36,30,3213,101,99.7,1.3,57.5,1.49,16.6,23.4,74.8,49.3,14.8,48.9,52.7,93.64,51,2011-2012,Dallas Mavericks,36.34,19.15,17.43,26.85,0.23,12.9,12.55,10.83,10.29,14.55,14.29,2011-2012,REG,66
Denver Nuggets,66,38,28,48.6,103.4,31.9,74.3,8.2,5,17.3,12.6,12.2,39.5,66,38,28,3208,106.5,103.4,3.1,61.5,1.56,18,27.7,74.3,51.7,15.7,51.6,55.6,96.65,52.7,2011-2012,Denver Nuggets,53.16,10.11,12.49,23.84,0.41,10.53,12.84,7.92,11.11,12.9,14.3,2011-2012,REG,66
Detroit Pistons,66,25,41,48.4,104,28.5,72.8,7,4.2,18.4,12.2,14,40.1,66,25,41,3193,97.8,104,-6.2,53.8,1.19,15.1,28.1,72.8,49.7,16.8,46.8,51,91.73,44.8,2011-2012,Detroit Pistons,46.79,14.09,21.62,17.2,0.31,10.92,11.94,9.04,9.65,12.39,13.9,2011-2012,REG,66
Golden State Warriors,66,23,43,48.2,106,29.5,69.1,8,5.5,16.2,15.3,14.4,43.1,66,23,43,3183,103.1,106,-3,59.1,1.61,17.6,22.9,69.1,46.1,14.6,50.5,53.9,94.71,47.2,2011-2012,Golden State Warriors,39.48,12.13,23.55,24.6,0.24,12.89,12.01,11.23,10.11,14.29,13.59,2011-2012,REG,66
Houston Rockets,66,34,32,48.7,102.1,30.5,73.4,7.5,4.8,16.7,13.3,13.7,44.5,66,34,32,3213,102.7,102.1,0.6,56.4,1.47,16.6,27.5,73.4,50.2,15.2,49.2,52.9,94.32,49.7,2011-2012,Houston Rockets,40.4,16.76,18.86,23.82,0.16,12.25,11.74,10.38,9.4,13.78,13.69,2011-2012,REG,66
Indiana Pacers,66,42,24,48.5,100.4,31.4,72.3,7.9,5.4,15.1,13,12.5,38.1,66,42,24,3198,103.5,100.4,3.1,52.2,1.33,14.8,29.2,72.3,50.9,14.8,47.4,52.6,93.35,52.1,2011-2012,Indiana Pacers,44.98,16.6,18.65,19.56,0.22,11.37,12.39,9.79,10.39,12.6,13.92,2011-2012,REG,66
Los Angeles Clippers,66,40,26,48.4,102.9,29.4,73.2,8.4,4.8,15.1,12.9,12.3,38.6,66,40,26,3193,105.2,102.9,2.2,56.8,1.58,16.7,29.5,73.2,51.1,14.4,50.2,53.3,91.79,51.7,2011-2012,Los Angeles Clippers,38.58,11.18,23.41,26.6,0.23,13.26,12.71,11.01,10.52,15.13,14.48,2011-2012,REG,66
Los Angeles Lakers,66,41,25,48.7,101.7,34.1,74.8,5.9,5.3,16.6,12.7,15.1,40.4,66,41,25,3213,103.3,101.7,1.7,61.1,1.49,17.5,29.1,74.8,53,16,49.1,53.4,92.93,52.4,2011-2012,Los Angeles Lakers,42.38,16.28,20.44,20.67,0.23,12.02,12.55,9.87,10.64,13.82,14.04,2011-2012,REG,66
Memphis Grizzlies,66,41,25,48.3,98.9,29.5,72.7,9.6,5.2,16,12.5,12.1,40.3,66,41,25,3188,101,98.9,2.1,53.2,1.35,15.5,29.8,72.7,50.8,15.4,47.3,51.5,93.43,51.4,2011-2012,Memphis Grizzlies,44.61,17.83,21.89,15.2,0.46,11.18,12.04,9.06,9.76,12.9,13.86,2011-2012,REG,66
Miami Heat,66,46,20,48.6,97.1,31.2,73.9,8.9,5.4,16.6,13.1,11.9,36.6,66,46,20,3208,104.3,97.1,7.2,53.8,1.31,16,26.6,73.9,51.1,16.1,50.5,54.9,93.66,55.3,2011-2012,Miami Heat,41.81,16.62,21.8,19.69,0.1,11.58,12.44,9.49,10.66,13.42,13.8,2011-2012,REG,66
Milwaukee Bucks,66,31,35,48.1,102.4,30,70.9,8.3,5.1,16.5,13.8,13.4,41.4,66,31,35,3173,102.4,102.4,0,62,1.67,17.7,27.7,70.9,48.7,14.6,48.1,52.1,96.42,50.3,2011-2012,Milwaukee Bucks,42.05,15.45,20.21,22.13,0.16,11.86,11.63,9.79,9.68,13.49,13.22,2011-2012,REG,66
Minnesota Timberwolves,66,26,40,48.3,103.6,31.7,73,6.6,4.4,18.4,14,15.8,44.1,66,26,40,3188,101.5,103.6,-2.2,54.8,1.29,15.3,27.5,73,50.2,15.7,47.7,52.4,95.96,48.3,2011-2012,Minnesota Timberwolves,43.42,11.84,18.57,26.01,0.17,12.17,12.1,9.88,9.85,13.92,13.98,2011-2012,REG,66
New Jersey Nets,66,22,44,48.2,106.9,28.5,70.7,7.5,3.9,17.7,13.6,14.8,44.2,66,22,44,3178,99.7,106.9,-7.2,58,1.32,15.9,27.8,70.7,48.6,16.1,47.3,51.6,92.71,44.8,2011-2012,New Jersey Nets,35.81,15.71,20.64,27.67,0.17,13.3,11.86,11.51,9.76,14.62,13.75,2011-2012,REG,66
New Orleans Hornets,66,21,45,48.3,102.3,30.2,73.1,7.4,4.8,17.7,13.3,12.9,40.9,66,21,45,3188,98.3,102.3,-4,59.5,1.34,16.9,27.5,73.1,50.7,17,47.6,51.7,90.67,48.2,2011-2012,New Orleans Hornets,43.13,19.17,22.48,15.15,0.08,11.28,12.29,9.6,9.67,12.65,14.38,2011-2012,REG,66
New York Knicks,66,36,30,48.3,98.4,30.5,73.7,9.4,4.2,17.8,12.6,12.4,38.9,66,36,30,3188,101.4,98.4,3,56.2,1.26,15.7,26.6,73.7,49.9,16.6,49.2,53.3,95.7,52,2011-2012,New York Knicks,42.04,11.04,18.09,28.58,0.24,12.53,12.18,9.95,10.14,14.59,13.79,2011-2012,REG,66
Oklahoma City Thunder,66,47,19,48.5,100,32.7,72.1,7.5,8.2,16.7,14.7,12.3,42.4,66,47,19,3198,107.1,100,7.2,49.7,1.13,14.7,27.8,72.1,51.4,17,51.6,56.7,95.68,54.2,2011-2012,Oklahoma City Thunder,41.17,16.12,17.48,25,0.23,12.1,11.47,9.9,9.5,14.07,12.94,2011-2012,REG,66
Orlando Magic,66,37,29,48.4,101.7,31.2,75.5,6.8,4.2,16.2,11.8,10.9,37.4,66,37,29,3193,102.4,101.7,0.7,58.1,1.34,16.2,26.5,75.5,50.7,16.2,50.6,53.3,91.15,49.3,2011-2012,Orlando Magic,41.64,8.58,14.94,34.6,0.24,13.39,12.64,11.07,10.74,15.21,14.19,2011-2012,REG,65
Philadelphia 76ers,66,35,31,48.2,96.6,32.5,75.2,8,5.2,11.6,11.7,10.2,36.4,66,35,31,3183,101.7,96.6,5.1,58.8,1.97,17.6,24.4,75.2,49.7,12.1,48,51.1,91.88,53.2,2011-2012,Philadelphia 76ers,36.88,23.18,22.59,17.14,0.21,12.06,12.13,10.36,10.25,13.42,13.52,2011-2012,REG,65
Phoenix Suns,66,33,33,48,103.8,30.8,71.7,6.5,5.5,15.2,14.2,12.6,43.4,66,33,33,3168,103.5,103.8,-0.2,59.6,1.6,17.5,25.8,71.7,49,14.8,49.9,53.6,95.02,50.2,2011-2012,Phoenix Suns,37.83,15.81,22.5,23.62,0.24,12.79,12.02,10.56,9.92,14.67,13.77,2011-2012,REG,66
Portland Trail Blazers,66,28,38,48.4,103.7,29.5,72.8,8,4.9,16,13.4,14.3,42.2,66,28,38,3193,102.8,103.7,-0.9,56.2,1.44,16.2,26.3,72.8,49,15,48.8,53.1,93.73,49.4,2011-2012,Portland Trail Blazers,40.89,12.02,21.58,25.2,0.31,12.51,12.03,10.43,9.92,14.17,13.85,2011-2012,REG,66
Sacramento Kings,66,22,44,48.2,106.8,29.5,70.5,8.5,4.9,17.8,14.4,17.1,48.2,66,22,44,3183,101,106.8,-5.8,51,1.34,14.8,29.1,70.5,48.8,14.7,47.2,51,97.34,45.1,2011-2012,Sacramento Kings,49.34,10.79,17.12,22.45,0.3,11.26,11.81,8.83,9.49,13.12,13.92,2011-2012,REG,66
San Antonio Spurs,66,50,16,48.3,100.6,32.6,76,7.4,4.4,15.2,11.1,14,40.5,66,50,16,3188,108.5,100.6,7.9,58.5,1.71,17.9,25.1,76,51.1,14.2,52.8,56.2,95.09,54.6,2011-2012,San Antonio Spurs,43.43,14.43,16.36,25.65,0.13,11.96,12.15,10.09,10.37,13.66,13.61,2011-2012,REG,66
Toronto Raptors,66,23,43,48.4,101.5,31.4,75.4,6.5,4.9,15.4,12.4,12.5,37.6,66,23,43,3193,98.5,101.5,-3,60.9,1.38,16.9,25.9,75.4,50.9,16.5,47.5,51.8,91.63,47.8,2011-2012,Toronto Raptors,39.08,13.76,26.31,20.61,0.25,12.62,12.13,10.33,10.01,14.43,13.76,2011-2012,REG,66
Utah Jazz,66,36,30,49,103.6,31.1,73.8,8.3,5.8,15.3,12.2,14.4,42.3,66,36,30,3233,103.7,103.6,0.2,57,1.54,16.7,30.2,73.8,51.8,14.8,48.1,52.5,93.91,50.9,2011-2012,Utah Jazz,47.19,16.97,20.53,15.01,0.29,10.71,12.01,8.37,9.91,12.67,13.75,2011-2012,REG,66
Washington Wizards,66,20,46,48.1,103.8,29.9,70.9,8,6.3,18.2,14.5,14.5,40.7,66,20,46,3173,97.8,103.8,-6,52.3,1.25,15.1,27.3,70.9,48.9,16,47.2,50.8,95.11,46,2011-2012,Washington Wizards,43.24,14.44,22.73,19.41,0.18,11.68,11.97,9.26,10,13.59,13.59,2011-2012,REG,66
Atlanta Hawks,82,44,38,48.1,104.6,30,74.6,6.1,4.2,15.2,12.8,14.1,40.5,82,44,38,3946,103.2,104.6,-1.4,60.7,1.61,17.8,23.4,74.6,49.2,14.8,50.1,54.2,91.56,49.3,2010-2011,Atlanta Hawks,36.76,13.69,27.36,21.98,0.2,13.03,12.33,11.16,10.21,14.64,14.14,2010-2011,REG,82
Boston Celtics,82,56,26,48.2,97.8,31,74.7,8.2,4.2,15.1,12.5,11.2,37,82,56,26,3956,104,97.8,6.2,63.5,1.61,18.9,21.1,74.7,49.5,15.7,51.9,56.1,92.51,55.8,2010-2011,Boston Celtics,42.11,14.52,25.37,17.86,0.13,11.58,12.05,9.55,10.03,13.5,13.61,2010-2011,REG,82
Charlotte Bobcats,82,34,48,48.3,104.8,29.8,75.2,6.4,5.3,16.5,12.8,14.3,39.8,82,34,48,3961,100.8,104.8,-4,60.1,1.45,17,25.7,75.2,50.3,15.7,48.2,52.8,92.09,48,2010-2011,Charlotte Bobcats,45.33,12.32,23.46,18.56,0.33,11.46,12.28,9.43,10.23,13.14,14,2010-2011,REG,82
Chicago Bulls,82,62,20,48.4,97.4,32.4,76.2,7.2,5.7,15.4,11.9,13,36.2,82,62,20,3966,105.5,97.4,8.1,60.1,1.57,17.5,29.4,76.2,53.5,15.1,50.1,54.1,92.91,55.5,2010-2011,Chicago Bulls,42.96,12.63,22.82,21.22,0.37,12.07,12.47,10,10.44,13.84,14,2010-2011,REG,82
Cleveland Cavaliers,82,19,63,48.2,109.1,29.9,73.3,6.6,4.2,15.8,13.2,14.2,42.2,82,19,63,3951,99.5,109.1,-9.6,59.6,1.48,16.5,24.2,73.3,48.1,14.8,47.2,51.8,95.52,44.1,2010-2011,Cleveland Cavaliers,43.51,13.77,20.29,22.27,0.17,11.85,12.15,9.87,10.43,13.37,13.7,2010-2011,REG,82
Dallas Mavericks,82,57,25,48.1,102.3,31.9,74.8,6.8,4.3,15.4,12.6,13.9,42,82,57,25,3941,107.6,102.3,5.3,63.7,1.71,18.8,24.1,74.8,50.4,15,52.5,56.5,93.4,53.8,2010-2011,Dallas Mavericks,35.7,17.1,19.85,27.05,0.31,13.12,12.18,11.11,9.85,14.94,14.1,2010-2011,REG,82
Denver Nuggets,82,50,32,48.1,104.8,32.3,75.4,7.4,4.3,15.6,13.2,12.2,41.2,82,50,32,3941,109.5,104.8,4.7,57.6,1.57,17,23.9,75.4,50.4,14.4,52.6,57.4,97.94,52.4,2010-2011,Denver Nuggets,46.33,9.34,18.61,25.45,0.27,11.83,12.78,9.86,10.51,13.62,14.71,2010-2011,REG,82
Detroit Pistons,82,30,52,48.5,109,27.3,72.1,7.3,4,16.3,13.9,15.7,44,82,30,52,3976,104.6,109,-4.4,56.6,1.62,16.9,27.4,72.1,48.7,14,49.5,53.3,91.52,46.4,2010-2011,Detroit Pistons,42.12,16.85,22.15,18.6,0.29,11.48,11.83,9.59,9.43,13.08,14.1,2010-2011,REG,82
Golden State Warriors,82,36,46,48.4,107.6,28.9,69.3,9,5,17.6,14.4,19.3,45.5,82,36,46,3966,105.5,107.6,-2.1,56.8,1.54,17,26.7,69.3,47.5,14.9,51,54.4,97.38,47.2,2010-2011,Golden State Warriors,40.96,12.74,21.41,24.58,0.32,12.56,11.87,10.71,9.84,14.14,13.64,2010-2011,REG,82
Houston Rockets,82,43,39,48.5,106.2,31.1,72.7,7.1,4.5,15.2,14.3,14.7,45.9,82,43,39,3976,108,106.2,1.8,61.7,1.76,17.8,27.4,72.7,50,13.8,50.3,55,96.87,51.5,2010-2011,Houston Rockets,41.92,13.93,17.75,26.14,0.26,12.4,11.54,10.46,9.63,14.01,13.22,2010-2011,REG,82
Indiana Pacers,82,37,45,48.2,103.4,32.4,74.1,7.1,5.6,17.1,12.9,13.3,39,82,37,45,3956,101.9,103.4,-1.5,53.6,1.28,15.3,25.9,74.1,50.2,15.7,48.6,53.3,97.24,49.2,2010-2011,Indiana Pacers,39.15,15.18,21.32,24.14,0.21,12.7,12.37,10.78,10.63,14.22,13.79,2010-2011,REG,82
Los Angeles Clippers,82,32,50,48.4,106.3,30.5,73.2,7.1,4.9,19.1,13.2,14.2,41,82,32,50,3971,101.8,106.3,-4.5,60.1,1.35,16.9,28.4,73.2,51,16.9,49.6,53.5,95.47,48.3,2010-2011,Los Angeles Clippers,47.77,10.92,18.42,22.58,0.31,11.57,12.54,9.04,10.4,13.71,14.32,2010-2011,REG,82
Los Angeles Lakers,82,57,25,48.4,101.3,31.9,72.3,7.3,5.1,14.7,13.8,13.7,39.9,82,57,25,3966,107.9,101.3,6.6,57.6,1.68,17.1,29.2,72.3,51.5,13.9,50.2,54.5,93.37,54.1,2010-2011,Los Angeles Lakers,42.08,16.08,19.91,21.56,0.37,12.22,12.67,9.96,10.63,14.17,14.25,2010-2011,REG,82
Memphis Grizzlies,82,46,36,48.5,102.5,29.2,72.5,9.4,5.4,15.3,12.7,15,40.3,82,46,36,3976,104.4,102.5,1.9,52.8,1.48,16.1,28.9,72.5,50.5,14.6,49.3,53.4,94.5,51.8,2010-2011,Memphis Grizzlies,50.52,15.5,20.36,13.2,0.41,10.27,12.38,8.2,10.31,12.12,14.12,2010-2011,REG,82
Miami Heat,82,58,24,48.2,100.7,32.5,75.5,6.6,5.2,15.5,12.8,13,38.6,82,58,24,3956,109.3,100.7,8.5,54.1,1.44,16.2,25.2,75.5,51.8,14.9,52.4,57.3,93.2,55.6,2010-2011,Miami Heat,36.11,13.62,26.72,23.34,0.21,13.22,12.31,11.12,10.45,15.16,13.73,2010-2011,REG,82
Milwaukee Bucks,82,35,47,48.4,99.9,30.2,74.8,7.5,4.9,14.8,11.9,12.1,37.5,82,35,47,3966,99,99.9,-1,54.9,1.4,15.4,24.7,74.8,49.1,14.5,46.7,51.1,92.1,48.8,2010-2011,Milwaukee Bucks,39.71,16.05,22.63,21.43,0.18,12.29,12,10.53,9.95,13.62,13.65,2010-2011,REG,82
Minnesota Timberwolves,82,17,65,48.2,108.3,31.2,73.7,7.2,5.1,20,14.2,17.1,41.8,82,17,65,3956,101.1,108.3,-7.2,53.4,1.18,15.1,29.6,73.7,51.1,17.1,48.3,52.6,99.18,44.3,2010-2011,Minnesota Timberwolves,42.66,14.6,20.4,21.9,0.44,12.24,12.6,10.59,10.5,13.54,14.45,2010-2011,REG,82
New Jersey Nets,82,24,58,48.8,107,29.8,74.2,5.6,4.7,15.9,13,13.3,41.5,82,24,58,4001,100.2,107,-6.9,59,1.5,16.7,26.1,74.2,49.4,14.9,47.4,51.7,92.39,45.2,2010-2011,New Jersey Nets,40.15,17.18,22.54,19.8,0.34,12.25,12.01,10.5,10.21,13.62,13.57,2010-2011,REG,82
New Orleans Hornets,82,46,36,48.4,102.5,30.1,76.2,7.6,4.4,14.6,10.5,11.7,38.1,82,46,36,3966,103.8,102.5,1.4,57.4,1.58,16.9,25.1,76.2,50.5,14.3,49.3,53.7,90.89,50.7,2010-2011,New Orleans Hornets,39.45,17.67,23.68,18.89,0.31,12.27,12.76,10.7,10.45,13.61,14.71,2010-2011,REG,82
New York Knicks,82,42,40,48.2,106.9,30.1,71.9,7.6,5.8,16.1,14.5,12.7,46,82,42,40,3956,108.3,106.9,1.4,56,1.56,16.5,24.2,71.9,47.9,13.9,51.3,56.1,98.1,50.4,2010-2011,New York Knicks,40.13,11.68,17.88,30.1,0.21,13.05,11.39,10.94,9.7,14.83,12.91,2010-2011,REG,82
Oklahoma City Thunder,82,55,27,48.8,104,31.8,73.6,8,5.9,15.4,14.4,12.3,44.9,82,55,27,4001,108.6,104,4.5,54.5,1.45,15.9,27.4,73.6,51.3,14.6,50.1,56.1,95.27,52.9,2010-2011,Oklahoma City Thunder,41.3,15.76,21.71,21.02,0.21,11.97,11.26,9.69,9.24,13.95,12.97,2010-2011,REG,82
Orlando Magic,82,52,30,48.4,99.1,32.7,76.9,6.7,4.7,16.5,11.5,10.7,35.4,82,52,30,3966,105.7,99.1,6.6,55.3,1.34,16,26.1,76.9,52.1,15.9,52.1,55.4,93.49,53.4,2010-2011,Orlando Magic,38.06,12.75,16.41,32.41,0.37,13.58,13.04,11.25,11.12,15.58,14.53,2010-2011,REG,82
Philadelphia 76ers,82,41,41,48.6,102.5,31.4,74.5,7.6,4.3,14.7,12.2,13.3,41,82,41,41,3986,104,102.5,1.5,59.6,1.75,17.7,24.6,74.5,49.6,13.6,49.4,53.5,93.95,51,2010-2011,Philadelphia 76ers,39.05,21.16,21.28,18.27,0.24,11.95,11.97,10.06,9.96,13.56,13.61,2010-2011,REG,82
Phoenix Suns,82,40,42,48.8,107.4,30.2,71.6,6.6,4.4,16.8,14.1,14,43.8,82,40,42,4001,107,107.4,-0.4,60.4,1.66,18,23.7,71.6,47.6,14.5,52.2,55.9,96.76,49.4,2010-2011,Phoenix Suns,38.31,15.3,19.26,26.88,0.25,12.89,12.41,10.66,10.42,14.87,14.18,2010-2011,REG,82
Portland Trail Blazers,82,48,34,48.3,104.2,27.2,72,8,4.4,15,13.3,11.4,40.2,82,48,34,3961,105.6,104.2,1.4,58.8,1.62,17,29.5,72,49.8,14.3,48.6,53.3,90.52,51.6,2010-2011,Portland Trail Blazers,41.6,15.03,20.58,22.42,0.36,12.13,11.94,9.84,10.02,13.98,13.62,2010-2011,REG,82
Sacramento Kings,82,24,58,48.4,106.3,30.8,74.4,7.4,4.8,18.9,12.8,17.8,46,82,24,58,3971,100.6,106.3,-5.7,53.4,1.27,15.4,29.9,74.4,51.6,16.3,48,51.9,97.81,46.2,2010-2011,Sacramento Kings,44.92,14.69,22.12,17.9,0.37,11.5,11.65,9.35,9.69,13.25,13.45,2010-2011,REG,82
San Antonio Spurs,82,61,21,48.2,102.8,31.7,74.6,7.3,4.5,15.3,13.2,14,41.2,82,61,21,3956,109.4,102.8,6.6,58.3,1.67,17.6,24.9,74.6,50.4,14.2,52.7,56.7,94.59,53.8,2010-2011,San Antonio Spurs,41.43,15.8,16.74,25.9,0.14,12.17,12,10.37,10.28,13.79,13.44,2010-2011,REG,82
Toronto Raptors,82,22,60,48.2,110,28.6,72,7.1,4.3,17.7,13.9,16.7,47.4,82,22,60,3956,103.3,110,-6.7,57.1,1.49,16.9,28.2,72,49.5,15.3,49.1,53.3,95.38,45.9,2010-2011,Toronto Raptors,44.5,14.86,24.49,15.88,0.27,11.3,11.35,9.16,9.18,13.16,13.36,2010-2011,REG,82
Utah Jazz,82,39,43,48.5,107.3,28.5,71.7,7.7,5.9,16.6,12.9,13.1,40.3,82,39,43,3976,104.9,107.3,-2.4,62.7,1.63,18.1,27,71.7,49.1,15.1,49.8,54.4,93.64,50,2010-2011,Utah Jazz,43.34,15.54,22.03,18.8,0.29,11.59,12.24,9.55,10.36,13.36,13.83,2010-2011,REG,82
Washington Wizards,82,23,59,48.6,107.2,29,70.5,8.1,6.1,18.1,14,16.6,44.1,82,23,59,3986,99.6,107.2,-7.6,52.2,1.27,15,28,70.5,48.5,15.7,47.1,51.3,96.47,44.5,2010-2011,Washington Wizards,41.58,16.58,24.67,16.97,0.2,11.7,11.81,9.6,9.67,13.38,13.71,2010-2011,REG,82
Atlanta Hawks,82,53,29,48.4,104,29.9,72.7,7.2,5,13.6,14,15.9,42.9,82,53,29,3971,108.9,104,4.9,56.2,1.83,17.2,28.2,72.7,50.2,12.8,50.6,54.5,92.5,52.3,2009-2010,Atlanta Hawks,42.54,12.43,23.67,21.09,0.28,11.85,11.53,9.66,9.44,13.77,13.31,2009-2010,REG,82
Boston Celtics,82,50,32,48.2,101.1,29.9,73.8,8.5,4.9,16.1,12.8,11.6,38.2,82,50,32,3956,105.4,101.1,4.3,63.5,1.58,18.6,22.8,73.8,49.1,15.8,52.2,56.4,93.84,54,2009-2010,Boston Celtics,44.56,14,18.63,22.57,0.24,11.47,12.08,9.23,10.06,13.57,13.73,2009-2010,REG,82
Charlotte Bobcats,82,44,38,48.5,100.2,30.4,74.2,7.7,5.4,16.9,12.7,12.8,39.6,82,44,38,3976,101.5,100.2,1.3,58,1.29,16.2,26.5,74.2,50.7,16.8,49,53.8,92.8,51.8,2009-2010,Charlotte Bobcats,48.1,10.53,20.27,20.76,0.33,10.73,12.12,8.43,9.78,12.64,14.02,2009-2010,REG,82
Chicago Bulls,82,41,41,48.5,102.6,33.1,74.8,6.5,5.8,15.5,12.9,13.3,39.7,82,41,41,3981,100.8,102.6,-1.8,55.3,1.45,16.1,26.6,74.8,51,14.8,47.7,52,95.54,50,2009-2010,Chicago Bulls,40.09,14.33,29.97,15.43,0.18,11.5,12.29,9.64,10.21,13.04,13.93,2009-2010,REG,82
Cleveland Cavaliers,82,61,21,48.2,101.5,32.8,77.2,6.9,5.2,15.6,11.7,13.2,36.8,82,61,21,3956,108.8,101.5,7.3,59.2,1.61,17.8,25.1,77.2,52.4,14.8,53.2,57,93.54,55.2,2009-2010,Cleveland Cavaliers,42.21,11.56,21.47,24.51,0.25,12.06,12.5,9.58,10.52,14.4,14.07,2009-2010,REG,82
Dallas Mavericks,82,55,27,48.5,103.2,31.5,73.7,7.6,5.5,15,12.9,13.4,41.7,82,55,27,3976,107.1,103.2,4,61.1,1.81,18.2,24.3,73.7,49.3,13.6,50.6,55.2,94.76,53.4,2009-2010,Dallas Mavericks,36.72,18.34,22.85,21.85,0.24,12.33,12.16,10.67,10.02,13.78,13.97,2009-2010,REG,82
Denver Nuggets,82,53,29,48.2,104.7,30.5,72.4,8.3,5.1,16.5,14,13.9,42.6,82,53,29,3956,108.7,104.7,4,55,1.51,16.2,26.1,72.4,49.5,14.1,50.9,56.1,97.34,52.4,2009-2010,Denver Nuggets,42.68,12.85,21.74,22.46,0.27,11.7,11.99,9.4,9.72,13.72,13.89,2009-2010,REG,82
Detroit Pistons,82,27,55,48.2,108.9,27.3,73.4,7.3,3.8,16.2,13,14.1,38.6,82,27,55,3956,102.4,108.9,-6.5,54.1,1.45,15.6,30.3,73.4,50.5,14.6,47.4,51.5,90.97,44.8,2009-2010,Detroit Pistons,39.83,19.2,22.95,17.77,0.24,11.46,12.13,9.38,10.03,13.12,14.07,2009-2010,REG,82
Golden State Warriors,82,26,56,48.1,109.4,29.2,68.5,9.3,4.1,17.9,16,18.2,48.4,82,26,56,3946,105.4,109.4,-3.9,55.2,1.53,16.6,20.9,68.5,44.4,14.2,51.4,55.7,102.72,47,2009-2010,Golden State Warriors,38.07,12.53,25.61,23.5,0.28,12.86,11.51,10.73,9.42,14.73,13.48,2009-2010,REG,82
Houston Rockets,82,42,40,48.5,105.5,30.1,73.8,7.1,3.9,16.4,13.4,14.1,45.6,82,42,40,3981,104.5,105.5,-1,57.9,1.51,16.6,26.9,73.8,49.5,14.8,49.4,53.7,96.55,48.9,2009-2010,Houston Rockets,43.52,13.47,16.47,26.28,0.26,11.65,11.52,9.58,9.32,13.33,13.51,2009-2010,REG,82
Indiana Pacers,82,32,50,48.1,104.2,31.9,73,7.1,5.4,17.4,14,13.5,39.3,82,32,50,3941,101.3,104.2,-2.9,57.3,1.4,16.2,21.6,73,47.1,15.1,49.1,53.6,99.41,47.6,2009-2010,Indiana Pacers,38.18,13.17,20.89,27.55,0.22,12.99,12.26,10.85,10.49,14.69,13.72,2009-2010,REG,82
Los Angeles Clippers,82,29,53,48.1,107.1,30.5,74,6.5,5.7,18.8,13.5,13.6,43.5,82,29,53,3941,100.9,107.1,-6.3,60.3,1.41,17.2,27.1,74,50.4,16.5,49.1,52.9,94.96,46.5,2009-2010,Los Angeles Clippers,41.87,15.22,20.8,21.77,0.34,11.69,11.81,9.22,9.71,13.75,13.68,2009-2010,REG,82
Los Angeles Lakers,82,57,25,48.4,101.1,32.5,74.4,7.5,4.9,15.2,12.9,12.8,40.7,82,57,25,3966,105.9,101.1,4.9,55,1.58,16.4,27.6,74.4,51.2,13.9,49.6,53.8,95.24,52.9,2009-2010,Los Angeles Lakers,41.6,16.61,19.05,22.43,0.31,11.78,12.11,9.69,9.83,13.55,13.95,2009-2010,REG,82
Memphis Grizzlies,82,40,42,48.5,107.6,30.4,73.3,7.9,4.9,18.8,13.2,18,47.7,82,40,42,3981,104.8,107.6,-2.9,47.9,1.24,14.5,31.3,73.3,52.3,15.6,49.4,53.6,96.14,48.6,2009-2010,Memphis Grizzlies,48.42,16.41,20.33,14.39,0.45,10.13,11.51,8.01,9.06,12.01,13.75,2009-2010,REG,82
Miami Heat,82,47,35,48.5,100.9,31.1,74.9,7.4,5.6,13.8,12.6,11.4,37,82,47,35,3976,104.5,100.9,3.6,51.9,1.43,15.5,26.1,74.9,50.7,14.3,49.6,53.7,91.92,52.2,2009-2010,Miami Heat,34.34,18.21,25.58,21.66,0.21,12.67,12.25,10.4,10.23,14.58,13.83,2009-2010,REG,82
Milwaukee Bucks,82,46,36,48.7,100.9,31.2,76.4,7.1,4.7,14.8,11.1,12.8,37.5,82,46,36,3996,102,100.9,1,57,1.6,16.5,26.2,76.4,50.1,13.8,48.2,51.8,94.01,49.5,2009-2010,Milwaukee Bucks,38.19,14.93,21.01,25.72,0.15,12.59,11.61,10.88,9.57,13.91,13.29,2009-2010,REG,82
Minnesota Timberwolves,82,15,67,48.2,109.3,31.2,73.6,7.3,3.7,19.6,13.4,17.9,44.6,82,15,67,3956,98.9,109.3,-10.4,52.4,1.22,15.2,26.7,73.6,49.7,16.4,47.8,51.8,98.46,43.2,2009-2010,Minnesota Timberwolves,42.11,19.98,20.82,16.69,0.39,11.07,12.31,8.94,9.88,12.8,14.55,2009-2010,REG,82
New Jersey Nets,82,12,70,48.2,108,28.8,71.8,7,4.8,16.6,13.9,16.5,44.9,82,12,70,3956,98.1,108,-10,54.7,1.3,15.2,25.1,71.8,47.4,15.3,45.8,50.9,93.62,42.9,2009-2010,New Jersey Nets,42.58,16.62,22.67,17.92,0.22,11.03,10.94,8.9,8.87,12.63,12.84,2009-2010,REG,82
New Orleans Hornets,82,37,45,48.4,107.3,29.9,73.8,7.6,3.7,15.9,13.4,14.4,45.2,82,37,45,3966,105.1,107.3,-2.3,57.5,1.66,17.4,24.8,73.8,48.9,14.1,50.6,54.3,94.83,48.4,2009-2010,New Orleans Hornets,39.3,17.3,20.42,22.83,0.15,11.96,11.72,9.95,9.34,13.7,13.95,2009-2010,REG,82
New York Knicks,82,29,53,48.5,109.1,30.2,72.1,7.1,3.7,15.9,14.1,12.7,47.2,82,29,53,3976,105.2,109.1,-4,56.7,1.54,16.8,23.5,72.1,47.4,14.4,50.9,54.7,96.1,47.4,2009-2010,New York Knicks,39.35,9.14,20.17,31.05,0.29,13.06,11.64,10.52,9.33,15.18,13.82,2009-2010,REG,82
Oklahoma City Thunder,82,50,32,48.3,101.6,31.8,73.6,8,5.9,16.3,14.3,12.5,44,82,50,32,3961,105.8,101.6,4.1,53.5,1.34,15.7,28.6,73.6,51.7,15.6,49.4,54.7,95.58,53.2,2009-2010,Oklahoma City Thunder,42.57,16.61,22.27,18.45,0.11,11.11,10.95,8.99,8.66,12.93,12.79,2009-2010,REG,82
Orlando Magic,82,59,23,48.1,100.2,33.4,77.4,6.2,5.6,16.3,11.7,11.2,36.6,82,59,23,3946,109.5,100.2,9.3,53.7,1.4,16,24.6,77.4,51.9,15,53.6,57.3,94.22,55.1,2009-2010,Orlando Magic,38.52,12.03,14.4,34.64,0.41,13.29,12.35,10.86,10.61,15.43,13.71,2009-2010,REG,82
Philadelphia 76ers,82,27,55,48.3,107.6,29.5,73.2,8.1,5.4,16.4,12.7,13.7,42.5,82,27,55,3961,103.4,107.6,-4.2,55.8,1.45,16.5,27.6,73.2,50,15.4,49.6,53.4,93.91,47.8,2009-2010,Philadelphia 76ers,39.52,18.95,20.84,20.3,0.39,11.75,11.61,9.56,9.68,13.62,13.33,2009-2010,REG,82
Phoenix Suns,82,54,28,48.1,106.9,31.9,70.8,5.8,5.1,17.2,16.1,15.3,43.8,82,54,28,3946,112.7,106.9,5.8,57.3,1.58,17.6,27.6,70.8,50.4,15.1,54.6,58.5,97.91,53.6,2009-2010,Phoenix Suns,40.05,15.28,18.57,25.85,0.25,12.13,11.88,10.28,9.94,13.92,13.47,2009-2010,REG,82
Portland Trail Blazers,82,50,32,48.4,104,29.1,74.8,6.4,4.3,14.1,12.9,11.2,40.9,82,50,32,3971,108,104,4.1,56.3,1.65,16.7,28.2,74.8,51.3,13.6,49.9,54.7,90.2,52.5,2009-2010,Portland Trail Blazers,35.55,17.45,25.49,21.04,0.46,12.52,11.77,10.34,9.37,14.39,13.86,2009-2010,REG,82
Sacramento Kings,82,25,57,48.5,107.2,30.7,73.5,6.9,4.5,16.8,13.8,15,45,82,25,57,3976,102.4,107.2,-4.8,53.4,1.37,15.7,27.8,73.5,50.3,15.3,49.1,52.8,96.55,46.7,2009-2010,Sacramento Kings,45.1,12.9,21.96,19.8,0.25,11.21,11.39,9.11,9.22,12.97,13.29,2009-2010,REG,82
San Antonio Spurs,82,50,32,48.2,102,32,76.3,6.3,4.6,15.7,12.6,14.7,41,82,50,32,3956,107.2,102,5.2,58.1,1.64,17.5,26.8,76.3,52,14.4,51.5,55.2,94.02,53.2,2009-2010,San Antonio Spurs,42.17,14.36,20.26,23.01,0.2,11.76,11.38,9.52,9.56,13.76,12.89,2009-2010,REG,82
Toronto Raptors,82,40,42,48.2,110.2,30.6,72.9,5.7,4.7,15.6,13.5,17.2,42.4,82,40,42,3956,108.6,110.2,-1.6,56.4,1.64,17.2,24.7,72.9,49.5,14,52.1,56.4,95.44,48.9,2009-2010,Toronto Raptors,40.58,14.54,23.81,20.45,0.62,12.22,12,10.01,9.97,14.28,13.78,2009-2010,REG,82
Utah Jazz,82,53,29,48.2,102.9,31.6,75.6,8.2,4.9,17.1,12.2,15,40,82,53,29,3951,107.8,102.9,4.8,67.8,1.76,19.9,26.8,75.6,51.9,15.7,52.4,56.5,96.03,55,2009-2010,Utah Jazz,47.53,12.11,22.01,18.14,0.21,10.57,12.02,8.36,9.71,12.71,13.9,2009-2010,REG,82
Washington Wizards,82,26,56,48.4,106.7,30,72.4,6,5.1,17.1,13.5,13.8,41.6,82,26,56,3966,101.4,106.7,-5.4,51.8,1.28,15.1,27.6,72.4,49.7,15.7,48.1,52.4,94.1,46.2,2009-2010,Washington Wizards,38.91,15.42,27.39,18.03,0.25,12.15,12.06,10.36,9.84,13.61,13.97,2009-2010,REG,82
Atlanta Hawks,82,47,35,48.1,104.6,29.4,71.6,7.4,4.6,14,13.3,12.5,40.8,82,47,35,3941,106.6,104.6,2,56.1,1.58,16.4,26,71.6,48.9,13.9,50.4,54.6,92.04,50.7,2008-2009,Atlanta Hawks,38.22,14.58,21.93,24.96,0.31,12.84,12.4,10.62,10.22,14.72,14.21,2008-2009,REG,82
Boston Celtics,82,62,20,48.5,99.4,31.5,75.6,7.6,4.7,17.5,11,10.6,36.1,82,62,20,3976,108.1,99.4,8.7,60.6,1.45,17.9,27.9,75.6,52.8,16.7,52.8,57.1,92.75,56.2,2008-2009,Boston Celtics,42.35,14.01,22.26,21.27,0.11,11.66,12.34,9.86,10.18,13.37,13.98,2008-2009,REG,82
Charlotte Bobcats,82,35,47,48.6,103.4,28.9,73,7.1,4.8,16.6,13.4,10.6,37.6,82,35,47,3986,101.6,103.4,-1.8,60.7,1.36,17.1,27.7,73,50.5,16.9,49.4,53.6,90.82,49.5,2008-2009,Charlotte Bobcats,45.5,11.37,21.89,20.84,0.4,11.23,12.07,9.43,10.19,12.72,13.64,2008-2009,REG,82
Chicago Bulls,82,41,41,48.6,105.8,30.3,70.9,7.5,5.5,16.9,15.4,12.7,43.3,82,41,41,3986,105.1,105.8,-0.7,55.4,1.45,16.2,28,70.9,49.6,15,49.3,54.1,95.79,49.9,2008-2009,Chicago Bulls,38.75,13.12,29.34,18.51,0.28,12.06,11.48,10.44,9.39,13.42,13.24,2008-2009,REG,82
Cleveland Cavaliers,82,66,16,48.2,99.4,31.4,74.6,7.2,5.3,14.7,12,12.6,37.1,82,66,16,3956,109.7,99.4,10.3,55,1.59,16.6,27.7,74.6,52,13.9,51.9,56,91.22,55.9,2008-2009,Cleveland Cavaliers,34.91,13.09,26.17,25.66,0.17,13.32,12.02,11.35,9.83,15.05,13.69,2008-2009,REG,82
Dallas Mavericks,82,50,32,48.3,105.3,31.6,74.6,7.2,5.2,14.8,13,13.3,38.9,82,50,32,3961,108.1,105.3,2.8,56.9,1.71,17.1,26.6,74.6,50.8,13.5,50.4,55,93.85,52.2,2008-2009,Dallas Mavericks,32.79,18.97,24.15,23.83,0.27,13,12.09,11.26,10.34,14.5,13.54,2008-2009,REG,82
Denver Nuggets,82,54,28,48.1,103.5,30.6,71.7,8.7,6,16.8,14.3,11.6,39,82,54,28,3946,107.5,103.5,4,59.5,1.45,17,27.5,71.7,50.2,15.8,51.2,56.3,97,52.9,2008-2009,Denver Nuggets,44.72,11.03,21.58,22.32,0.35,11.44,12.26,9.14,10.35,13.48,13.77,2008-2009,REG,82
Detroit Pistons,82,39,43,48.5,105.2,29.9,74,6,4.6,13.1,11.7,10.4,37.6,82,39,43,3981,104.5,105.2,-0.8,56.7,1.74,16.8,27.9,74,50.6,13.2,48.3,52.4,89.08,49.6,2008-2009,Detroit Pistons,33.59,19.37,30.49,16.35,0.2,12.34,11.96,10.52,9.84,13.86,13.7,2008-2009,REG,82
Golden State Warriors,82,29,53,48.5,110.1,30.4,68.1,7.8,6.4,18,17.1,16.8,48.6,82,29,53,3976,106.6,110.1,-3.5,53,1.42,15.5,26.1,68.1,47.2,14.4,49.7,54.9,100.95,47.8,2008-2009,Golden State Warriors,42.03,11.88,25.18,20.58,0.33,12.14,11.23,10.15,9.45,13.82,12.79,2008-2009,REG,82
Houston Rockets,82,53,29,48.3,101.4,32.5,75.3,6.7,4.3,15.7,11.7,11.7,38,82,53,29,3961,105.4,101.4,4,56.2,1.44,16.3,26.4,75.3,51.9,15.1,50.1,54.8,92.67,53,2008-2009,Houston Rockets,41.9,16.12,16.58,24.93,0.46,11.96,12.09,10.15,10.34,13.47,13.48,2008-2009,REG,82
Indiana Pacers,82,36,46,48.4,106.5,32.5,74.5,7,5.3,17,12.6,12.5,37.8,82,36,46,3966,105.4,106.5,-1.2,55.1,1.49,16.3,25.4,74.5,49.8,14.5,50.1,54.5,98.94,48.9,2008-2009,Indiana Pacers,39.82,13.49,22.37,24.07,0.25,12.46,12.69,10.7,10.95,13.93,14.16,2008-2009,REG,82
Los Angeles Clippers,82,19,63,48.5,108.8,29,71.2,7,5.9,16.8,14.6,11.9,44.5,82,19,63,3976,99.5,108.8,-9.2,58.3,1.41,16.5,25.1,71.2,47.5,15.6,48.1,52,94.57,44.1,2008-2009,Los Angeles Clippers,42.39,13.22,21.78,22.11,0.51,11.89,11.49,9.72,9.54,13.6,13.24,2008-2009,REG,82
Los Angeles Lakers,82,65,17,48.2,101.9,31.5,73,8.8,5.1,15.1,13.3,11.5,41.7,82,65,17,3956,109.8,101.9,7.9,57.7,1.73,17.5,29.4,73,51.4,13.8,51.3,55.5,96.93,54.7,2008-2009,Los Angeles Lakers,42.33,16.38,19.6,21.45,0.23,11.52,12.08,9.49,9.79,13.35,13.93,2008-2009,REG,82
Memphis Grizzlies,82,24,58,48.3,106.8,28.5,73.5,7.5,4.7,16.1,12.7,12.3,41.7,82,24,58,3961,100.9,106.8,-5.9,49.7,1.14,14.4,25.8,73.5,49.3,16.4,48.6,53.3,92.45,45.7,2008-2009,Memphis Grizzlies,44.84,14.98,22.69,17.26,0.22,11.02,12.04,9.42,9.74,12.35,14.1,2008-2009,REG,82
Miami Heat,82,43,39,48.7,104.7,29.4,72.9,7.9,5.5,14.7,13,11.4,39.1,82,43,39,3991,105.1,104.7,0.4,55.1,1.63,16.4,24.6,72.9,48.6,13.4,50,54,92.29,50.5,2008-2009,Miami Heat,35.73,15.06,24.77,24.06,0.38,12.88,11.9,10.78,10.04,14.65,13.44,2008-2009,REG,82
Milwaukee Bucks,82,34,48,48.2,104.9,28.9,74,7.4,3.8,16.6,12.9,11.9,36.2,82,34,48,3956,103.8,104.9,-1.2,59.9,1.56,17,27.8,74,49.9,14.7,48.3,53.1,95.18,48.5,2008-2009,Milwaukee Bucks,38.55,16.41,24.18,20.7,0.16,12.05,12.13,10.29,10.08,13.46,13.86,2008-2009,REG,82
Minnesota Timberwolves,82,24,58,48.3,109.1,29.8,75,6.2,3.9,16.5,12.1,13,39.8,82,24,58,3961,102.6,109.1,-6.5,56.1,1.44,16,27.7,75,50.5,14.9,48.1,52.6,94.14,45.3,2008-2009,Minnesota Timberwolves,43.04,14.59,19.64,22.41,0.33,11.58,12.24,9.58,10.37,13.16,13.93,2008-2009,REG,82
New Jersey Nets,82,34,48,48.4,108.2,29.5,73.5,6.8,4.8,15.6,13.1,13.2,38.4,82,34,48,3966,105.4,108.2,-2.8,55.9,1.52,16.2,25.2,73.5,49,14.1,49.7,54.3,92.3,47.4,2008-2009,New Jersey Nets,38.61,13.34,21.56,26.3,0.18,12.45,12.14,10.49,10.21,14.04,13.8,2008-2009,REG,82
New Orleans Hornets,82,49,33,48.2,104.1,29.9,74.9,7.2,4.1,13.9,11.7,11.2,35.8,82,49,33,3951,106.2,104.1,2,55.3,1.56,16.4,24.6,74.9,49.8,13.9,50.1,54.8,90.04,51.5,2008-2009,New Orleans Hornets,36.03,18.65,21.36,23.81,0.14,12.43,12.65,10.48,10.45,14.08,14.47,2008-2009,REG,82
New York Knicks,82,32,50,48.3,108.4,31,72.7,7.4,2.5,16.7,13.7,12.9,45.7,82,32,50,3961,105.3,108.4,-3.1,55.1,1.48,16,24.4,72.7,47.8,14.3,50.3,54.4,99.03,46.7,2008-2009,New York Knicks,41.59,10.9,15.41,31.76,0.34,12.5,11.78,10.31,9.67,14.25,13.72,2008-2009,REG,82
Oklahoma City Thunder,82,23,59,48.3,106.9,30.5,73.9,7.4,4.5,19,13,14,44.7,82,23,59,3961,99.9,106.9,-7,55.5,1.25,15.7,28.6,73.9,50.8,16.7,47.1,52.1,96.11,46.4,2008-2009,Oklahoma City Thunder,43.71,17.37,24.69,14.02,0.21,10.7,10.97,8.64,9.22,12.36,12.57,2008-2009,REG,82
Orlando Magic,82,59,23,48.1,98.9,33.3,75.9,7,5.4,15,12.5,11.2,35.7,82,59,23,3946,107.2,98.9,8.3,54.4,1.39,15.7,24,75.9,50.7,14.8,52,55.9,94.59,54.5,2008-2009,Orlando Magic,36.74,14.34,15.51,33.21,0.2,13.21,12.38,11.09,10.67,14.99,13.68,2008-2009,REG,82
Philadelphia 76ers,82,41,41,48.2,104.7,28.5,71.4,8,5.1,16.3,13.3,11.1,39.8,82,41,41,3951,104.7,104.7,0,55,1.42,16,31.3,71.4,51.2,15.2,48.5,53.2,92.61,50.3,2008-2009,Philadelphia 76ers,45.6,17.61,20.38,16.08,0.34,10.44,12.01,8.16,9.99,12.37,13.74,2008-2009,REG,82
Phoenix Suns,82,46,36,48.2,108.5,30.7,71.7,7.2,5.1,18.6,15.4,13.2,39.8,82,46,36,3951,111.2,108.5,2.6,56.5,1.48,17.5,27.7,71.7,50.6,16,54.5,58.4,98.39,52.5,2008-2009,Phoenix Suns,47.19,15.49,15.79,21.2,0.33,10.61,12.76,8.41,10.99,12.85,14.31,2008-2009,REG,82
Portland Trail Blazers,82,54,28,48.4,104.5,28.8,75,6.7,4.9,14.1,12.1,10.3,38.4,82,54,28,3966,110.7,104.5,6.2,55.2,1.58,16.5,32.6,75,53.5,14.3,51.1,55.3,89.23,53.1,2008-2009,Portland Trail Blazers,38.19,14.82,23.08,23.42,0.5,12.4,11.7,10.41,9.97,14.12,13.17,2008-2009,REG,82
Sacramento Kings,82,17,65,48.5,111.9,28.9,69.9,6.9,4.3,18.7,13.9,14.3,45.6,82,17,65,3981,102.6,111.9,-9.3,54.1,1.28,15.4,24.5,69.9,47,15.8,49.1,54.2,96.77,44,2008-2009,Sacramento Kings,39.49,13.68,22.99,23.52,0.3,12.37,11.27,10.54,9.4,13.86,13.03,2008-2009,REG,82
San Antonio Spurs,82,54,28,48.5,102,32.2,78,5.8,4,13.2,10.8,12.1,37,82,54,28,3981,106.2,102,4.3,57.1,1.8,17.4,22.1,78,50.4,12.9,51.3,54.8,90.4,52.3,2008-2009,San Antonio Spurs,36.37,13.96,25.42,24.01,0.24,12.97,11.85,11.31,10.56,14.43,12.94,2008-2009,REG,82
Toronto Raptors,82,33,49,48.3,107.1,30.6,73.7,6.4,4.8,15.6,13.4,11.5,40.6,82,33,49,3961,104.3,107.1,-2.8,60.1,1.67,17.6,24,73.7,49.1,14.1,49.4,54.2,94.44,49.2,2008-2009,Toronto Raptors,33.45,17.83,29.45,19,0.27,12.72,12.46,11.14,10.35,14.05,14.3,2008-2009,REG,82
Utah Jazz,82,48,34,48.5,104.7,29.5,72.7,8.8,4.6,16.6,13.6,13.3,43.3,82,48,34,3976,107.1,104.7,2.5,64.4,1.67,18.6,28.2,72.7,50.5,15.3,50.4,55.4,95.58,53.5,2008-2009,Utah Jazz,45.06,12.07,26.01,16.63,0.23,10.87,11.53,8.78,9.31,12.76,13.44,2008-2009,REG,82
Washington Wizards,82,19,63,48.1,111.2,28.4,71.4,7.5,4.5,17.4,13.2,13.7,40,82,19,63,3941,102.3,111.2,-8.9,54.8,1.43,15.9,27.7,71.4,49,14.9,48,52.4,93.39,44.8,2008-2009,Washington Wizards,42.81,14.95,24.27,17.82,0.15,11.45,12.58,9.34,10.55,13.18,14.47,2008-2009,REG,82
Atlanta Hawks,82,37,45,48.4,105.9,29.9,71.7,7.3,5.5,17.2,14.2,13.3,43.5,82,37,45,3971,104,105.9,-2,60.6,1.48,17.1,29.7,71.7,50.8,15.8,48.3,53.5,93.62,49.8,2007-2008,Atlanta Hawks,43.25,14.27,26.08,16.04,0.35,11.17,11.54,9.05,9.5,12.94,13.3,2007-2008,REG,82
Boston Celtics,82,66,16,48.2,96.2,31.9,74.4,8.5,4.6,16.2,12.5,9.1,34.1,82,66,16,3951,107.6,96.2,11.5,61.4,1.47,17.8,26.6,74.4,51.9,16.3,52.2,56.9,93.3,58.1,2007-2008,Boston Celtics,41,13.09,21.01,24.61,0.29,12.24,12.91,10.45,10.52,13.86,14.64,2007-2008,REG,82
Charlotte Bobcats,82,32,50,48.5,106.8,29.8,71,7.5,4.9,16.8,15,13.5,43.9,82,32,50,3976,102.1,106.8,-4.7,59.1,1.45,16.7,25.6,71,48.2,15.4,49.2,53.2,94.07,46.9,2007-2008,Charlotte Bobcats,41.75,13.37,22.89,21.85,0.15,11.69,11.67,9.74,9.47,13.31,13.59,2007-2008,REG,82
Chicago Bulls,82,33,49,48.3,104.2,30.2,73.1,7.7,5.2,16.4,12.7,12.9,35.6,82,33,49,3961,101,104.2,-3.2,60.6,1.51,16.8,28.9,73.1,50.2,15.2,47,51.5,95.73,48,2007-2008,Chicago Bulls,37.25,15.6,28.16,18.74,0.25,12.21,12.49,10.78,10.81,13.32,13.88,2007-2008,REG,82
Cleveland Cavaliers,82,45,37,48.4,103.7,31.3,75.9,7.1,5.2,15.8,11.3,12.4,37.5,82,45,37,3971,103.2,103.7,-0.5,55.8,1.43,15.8,30.4,75.9,52.4,15,48,52,92.52,49,2007-2008,Cleveland Cavaliers,38.83,14.33,23.81,22.84,0.2,12.28,12.08,10.07,10.2,13.99,13.65,2007-2008,REG,82
Dallas Mavericks,82,51,31,48.1,103.1,32.2,75,6,4.9,13.9,12.9,12.8,39.2,82,51,31,3946,108.6,103.1,5.4,56.9,1.66,16.9,26.7,75,51.6,13.7,50.2,55.4,92.47,53.6,2007-2008,Dallas Mavericks,33.36,20.65,24.38,21.22,0.39,12.72,11.64,10.96,9.66,14.24,13.22,2007-2008,REG,82
Denver Nuggets,82,50,32,48.4,103.2,32.9,72.1,9.2,6.7,17,14.6,14.2,43,82,50,32,3971,107.6,103.2,4.4,61.2,1.68,17.8,25.5,72.1,49.3,14.3,51,55.7,102.32,52.9,2007-2008,Denver Nuggets,43.14,13.27,20.82,22.26,0.51,11.55,12.34,9.15,10.37,13.68,14,2007-2008,REG,82
Detroit Pistons,82,59,23,48.1,100,29.5,73.7,7.1,5.8,11.8,11.5,9.6,35.3,82,59,23,3946,108,100,8,61.1,1.92,17.9,29.4,73.7,51.4,12.9,49.5,53.9,89.9,55.2,2007-2008,Detroit Pistons,31.49,18.7,29.52,20.04,0.24,13.12,12.13,11.34,10.03,14.63,13.77,2007-2008,REG,82
Golden State Warriors,82,48,34,48.2,106.6,30.4,70.3,9.1,4.6,15.6,15.7,14.3,45,82,48,34,3956,109.1,106.6,2.6,53.9,1.69,16.3,27.2,70.3,47.9,13,51.1,54.8,101.42,49.6,2007-2008,Golden State Warriors,44.52,8.93,17.22,28.97,0.36,12.31,11.82,9.72,9.84,14.52,13.55,2007-2008,REG,82
Houston Rockets,82,55,27,48.1,98.8,32.4,74.8,7.3,5.1,14.4,12.7,12.9,35.8,82,55,27,3946,103.9,98.8,5,58.5,1.56,16.9,29.1,74.8,52.3,14.7,49.2,52.8,92.88,53.5,2007-2008,Houston Rockets,39.38,14.54,20.63,25.19,0.25,12.32,12.03,10.15,10.49,14.08,13.2,2007-2008,REG,82
Indiana Pacers,82,36,46,48.2,104.6,32.1,73.9,7.6,5,17.2,13.2,12,37,82,36,46,3951,103.7,104.6,-0.9,60.1,1.51,17,24.4,73.9,48.7,15,49.8,54,100.13,48.5,2007-2008,Indiana Pacers,35.15,14.37,21.64,28.54,0.3,13.54,12.71,11.59,11.21,15.1,13.96,2007-2008,REG,82
Los Angeles Clippers,82,23,59,48.3,106.4,30.4,73.1,6.8,4.9,15.7,13.2,10.4,43.5,82,23,59,3961,98.8,106.4,-7.6,61.4,1.47,16.8,23.1,73.1,47.9,15.2,46.5,51.9,94.35,46.1,2007-2008,Los Angeles Clippers,34.77,19.4,29.06,16.5,0.27,12.48,11.53,10.53,9.41,14,13.37,2007-2008,REG,82
Los Angeles Lakers,82,57,25,48.2,102.8,33.2,73.4,8,5.3,15.8,14.3,11.9,41.2,82,57,25,3956,110.3,102.8,7.4,61.7,1.73,18.2,26.3,73.4,50.8,14.3,52.5,57,98.01,55.1,2007-2008,Los Angeles Lakers,40.89,12.13,21.3,25.45,0.23,12.25,11.9,10.08,10.07,14.22,13.37,2007-2008,REG,82
Memphis Grizzlies,82,22,60,48.3,109.2,31.3,73.4,6.1,4.7,18,13,16.2,45.8,82,22,60,3961,102.4,109.2,-6.8,51.4,1.26,15,23.8,73.4,48.3,15.5,50,53.9,97.49,45.1,2007-2008,Memphis Grizzlies,42.66,13.2,17.74,25.87,0.53,12.1,12.26,9.71,10.01,14.08,14.33,2007-2008,REG,82
Miami Heat,82,15,67,48.4,107.1,28.6,71.9,7.2,4.3,17,13.9,13.5,38.8,82,15,67,3966,98.1,107.1,-9,58.5,1.37,16.4,22.1,71.9,46.6,15.7,48.2,52.2,92.5,44.5,2007-2008,Miami Heat,34.88,14.03,29.45,21.35,0.28,12.99,12.45,10.97,10.35,14.59,14.3,2007-2008,REG,82
Milwaukee Bucks,82,26,56,48.4,109.8,28.8,73,6.6,4.4,17.2,13,14.2,41.6,82,26,56,3971,102.4,109.8,-7.5,58.2,1.45,16.6,30,73,50.6,15.6,48.2,52.2,93.85,45.2,2007-2008,Milwaukee Bucks,43.85,15.76,20.99,19.18,0.21,11.22,11.87,9.54,9.91,12.59,13.67,2007-2008,REG,82
Minnesota Timberwolves,82,22,60,48.1,108.9,29.6,73.6,7.5,3.7,17.8,13,14.5,38.9,82,22,60,3946,100.7,108.9,-8.2,53,1.37,15.7,27.5,73.6,49.8,15.3,48.4,51.8,94.25,43.5,2007-2008,Minnesota Timberwolves,43.68,17.28,20.66,17.91,0.47,11.24,12.4,9.29,10.17,12.83,14.4,2007-2008,REG,82
New Jersey Nets,82,34,48,48.4,106.6,30.7,73.8,6.4,4.8,16.7,13.4,12.7,37.4,82,34,48,3966,101.4,106.6,-5.2,67.4,1.57,18.2,26.6,73.8,50.1,15.9,48.1,52.8,93.87,47.5,2007-2008,New Jersey Nets,41.01,11.22,25.58,21.74,0.45,12.06,12.2,10.07,10.46,13.65,13.66,2007-2008,REG,82
New Orleans Hornets,82,56,26,48.3,102.9,30.4,75.4,7.8,3.9,12.5,11.3,11.3,38.2,82,56,26,3961,109,102.9,6.2,56.4,1.83,17.3,27,75.4,50.6,12.8,51.2,54.8,92.12,52.6,2007-2008,New Orleans Hornets,37.49,15.95,22.73,23.66,0.16,12.39,12.57,10.62,10.29,13.93,14.51,2007-2008,REG,82
New York Knicks,82,23,59,48.5,109.6,30,72.7,6.4,2.6,17.3,13.5,12.5,41,82,23,59,3976,101.4,109.6,-8.2,51.6,1.29,14.7,28.6,72.7,49.9,15.1,47.5,51.8,94.07,44,2007-2008,New York Knicks,45.26,13.7,19.49,21.2,0.36,11.19,12.41,9.25,10.29,12.7,14.32,2007-2008,REG,82
Orlando Magic,82,52,30,48.2,102.7,32.6,74.8,6.3,4.1,16.1,12.7,12.5,37.4,82,52,30,3956,109,102.7,6.3,55.8,1.45,16.5,23.4,74.8,50.2,14.9,53.7,57.5,95.63,52.9,2007-2008,Orlando Magic,41.13,13.56,13.17,31.83,0.31,12.42,12.62,10.2,10.74,14.43,14.14,2007-2008,REG,82
Philadelphia 76ers,82,40,42,48.2,103.4,28.9,72,8.7,4.9,15,13.1,10,40.9,82,40,42,3951,103,103.4,-0.4,54.7,1.43,16,31.8,72,51.7,15.2,48.2,52.2,93.08,50,2007-2008,Philadelphia 76ers,43.73,19.32,22.6,13.86,0.5,10.6,11.68,8.23,9.67,12.61,13.41,2007-2008,REG,82
Phoenix Suns,82,55,27,48.2,104.9,32.7,70.9,6.5,6.3,16.1,15.4,12.2,44.8,82,55,27,3956,111.2,104.9,6.3,64.5,1.85,19.8,22.4,70.9,48.6,14.6,55.1,59,99.05,55.6,2007-2008,Phoenix Suns,38.28,14.58,21.22,25.81,0.12,12.36,11.63,10.27,9.85,14.46,13.12,2007-2008,REG,82
Portland Trail Blazers,82,41,41,48.5,105.5,29.7,71.8,5.5,4.4,14.5,13.5,12.5,40.5,82,41,41,3981,104.1,105.5,-1.4,59,1.64,17.1,26.8,71.8,49.4,14.1,48.9,53.2,90.43,49.5,2007-2008,Portland Trail Blazers,30.19,16.87,31.19,21.21,0.55,13.75,11.98,12.13,9.87,15.06,13.72,2007-2008,REG,82
Sacramento Kings,82,38,44,48.4,107.2,30,71.7,7.9,4.1,18.4,13.6,13.1,41.4,82,38,44,3966,104.5,107.2,-2.7,51.5,1.19,15,25.2,71.7,48.9,16.4,50.3,55.6,97.21,48.3,2007-2008,Sacramento Kings,42.06,13.19,23.91,20.68,0.17,11.68,12.27,9.9,10.14,13.21,14.12,2007-2008,REG,82
San Antonio Spurs,82,56,26,48.1,99.5,31.9,77.1,6.4,4.1,14,10.5,11.5,35.6,82,56,26,3946,104.7,99.5,5.2,58.5,1.66,17.3,23.4,77.1,50.6,13.9,50.4,54.3,90.83,53.3,2007-2008,San Antonio Spurs,36.41,15.78,22.99,24.62,0.21,12.82,12.2,10.94,10.34,14.41,13.68,2007-2008,REG,82
Seattle SuperSonics,82,20,62,48.4,106.9,32.8,73.7,6.5,4.9,18.3,13.9,14.1,44.2,82,20,62,3966,97.6,106.9,-9.2,55.9,1.33,16,26.8,73.7,50.3,16,46.7,50.9,98.94,45,2007-2008,Seattle SuperSonics,40,19.01,27.66,13.25,0.09,11.28,11.66,9.61,9.95,12.62,13.13,2007-2008,REG,82
Toronto Raptors,82,41,41,48.4,104.3,30.4,75,7,4.1,13.6,11.7,10.6,37.6,82,41,41,3966,107.7,104.3,3.5,62,2.04,18.8,23.4,75,49.1,12.6,51.1,55.1,92.43,51.9,2007-2008,Toronto Raptors,32.7,14.2,31.42,21.38,0.3,13.19,12.7,11.54,10.59,14.64,14.48,2007-2008,REG,82
Utah Jazz,82,54,28,48.1,104,29.4,74.1,8.7,4.3,16.2,12.8,13.6,39.7,82,54,28,3941,110.8,104,6.8,66,1.8,19.7,29.5,74.1,52,15.3,52.8,57.3,95.57,55.6,2007-2008,Utah Jazz,44.86,12.39,26.33,16.12,0.29,10.89,12.06,8.79,9.79,12.96,13.99,2007-2008,REG,82
Washington Wizards,82,43,39,48.5,106.8,29.3,72.8,7.7,4.8,15,13.1,12.9,37.6,82,43,39,3981,106,106.8,-0.8,53.8,1.49,15.7,28.9,72.8,50.2,14.2,48.9,53.5,91.99,48.8,2007-2008,Washington Wizards,39.24,13.64,23.05,23.91,0.16,12.59,12.88,10.4,10.87,14.36,14.61,2007-2008,REG,82
Atlanta Hawks,82,30,52,48.5,105.5,28.2,70.9,7.4,5.4,18.1,13.7,13.3,43,82,30,52,3976,100.1,105.5,-5.3,55.6,1.2,15.4,29.2,70.9,49.8,17,47.1,52.3,92.5,46.6,2006-2007,Atlanta Hawks,42.67,11.66,29.43,16.07,0.17,11.36,10.83,9.38,9.03,12.95,12.41,2006-2007,REG,82
Boston Celtics,82,24,58,48.4,104.5,29.2,73.8,7.2,4.7,18.2,12,12.4,41.7,82,24,58,3971,100.2,104.5,-4.4,57,1.21,15.7,27,73.8,49.9,17.2,47.9,53,94.46,45.9,2006-2007,Boston Celtics,43.43,13.67,23.04,19.57,0.29,11.61,11.27,9.87,9.3,13,13.01,2006-2007,REG,82
Charlotte Bobcats,82,33,49,48.8,104.8,28.6,71.6,7.8,4.5,16.9,12.9,13.1,42,82,33,49,4001,100.7,104.8,-4.1,62,1.5,17.3,26.4,71.6,48.3,15.5,48,52.4,94.55,47.1,2006-2007,Charlotte Bobcats,42.98,12.86,24.96,19,0.21,11.41,11,9.64,9.03,12.83,12.72,2006-2007,REG,82
Chicago Bulls,82,49,33,48.2,97,31.7,74.3,7.8,5.4,17.2,12,10.7,35.1,82,49,33,3956,102.5,97,5.4,60.1,1.4,17.1,28.6,74.3,51.6,16.6,49.3,53.4,96.04,53.9,2006-2007,Chicago Bulls,36.92,15.04,29.51,18.27,0.27,12.32,12.17,10.97,10.32,13.45,13.59,2006-2007,REG,82
Cleveland Cavaliers,82,50,32,48.5,98.9,30.8,75.8,7.6,4.3,14.7,12.3,10.7,38.1,82,50,32,3976,102.6,98.9,3.7,57.4,1.45,16.3,29.7,75.8,52.2,15.2,48.4,52.2,93.2,52,2006-2007,Cleveland Cavaliers,41.46,16.05,21.46,20.78,0.24,11.65,11.7,9.46,9.47,13.42,13.52,2006-2007,REG,82
Dallas Mavericks,82,67,15,48.2,100.6,30.7,75,6.8,5,15.2,11.4,12.7,36.9,82,67,15,3951,108.5,100.6,7.9,54.2,1.43,16.1,28.7,75,52.4,15.1,50.9,55.9,91.9,55.2,2006-2007,Dallas Mavericks,34.28,19.37,24.62,21.44,0.29,12.62,11.38,11.04,9.62,14.01,12.81,2006-2007,REG,82
Denver Nuggets,82,45,37,48.2,102.7,31.2,71.8,8.3,5.3,18.6,14.3,14.6,44.8,82,45,37,3956,104.9,102.7,2.2,60.7,1.42,17.2,28.9,71.8,50.7,16.4,50.1,54.8,100.19,51.4,2006-2007,Denver Nuggets,45.17,12.3,21.41,20.81,0.31,11.12,11.8,8.52,9.55,13.39,13.71,2006-2007,REG,82
Detroit Pistons,82,53,29,48.5,101.1,29,70.9,7.1,5.8,13.2,13.3,11.2,37.2,82,53,29,3976,106.2,101.1,5.1,60.1,1.77,17.5,28.3,70.9,49.6,13.5,48.8,53.5,89.72,53.3,2006-2007,Detroit Pistons,36.17,22.1,21.62,19.9,0.22,11.99,11.41,10.15,9.46,13.52,12.97,2006-2007,REG,82
Golden State Warriors,82,42,40,48.2,104.5,29.9,69.6,9.1,5.7,18.3,16,13.4,43.9,82,42,40,3951,104.7,104.5,0.2,59.8,1.49,17.4,25.6,69.6,47.2,15.7,51.2,54.8,101.64,48.9,2006-2007,Golden State Warriors,45.4,9.49,17.21,27.62,0.27,11.93,11.95,9.47,9.86,14.05,13.75,2006-2007,REG,82
Houston Rockets,82,52,30,48.4,97.5,32.6,77,7.1,4.1,14.8,11.6,9.6,33,82,52,30,3971,104,97.5,6.4,58.6,1.47,16.7,25.7,77,51.5,15.2,49.9,54,93.04,52.9,2006-2007,Houston Rockets,37.64,14.86,18.55,28.81,0.14,12.85,12.65,11.11,11.05,14.25,13.85,2006-2007,REG,82
Indiana Pacers,82,35,47,48.2,103,29.8,72.7,7.3,5.5,18.5,13.2,12.6,38.7,82,35,47,3956,100,103,-3,58.5,1.26,16,28.4,72.7,50.1,17,47.4,52.3,94.93,48.5,2006-2007,Indiana Pacers,38.59,18.85,21.33,20.92,0.31,12.14,11.5,10.31,9.93,13.57,12.82,2006-2007,REG,82
Los Angeles Clippers,82,40,42,48.1,102.8,30.3,74.7,7.3,5.8,16.5,12.1,9,40,82,40,42,3946,102.4,102.8,-0.4,61.2,1.42,17.1,27.2,74.7,51.2,16.2,48.1,53.7,93.2,50.9,2006-2007,Los Angeles Clippers,35.94,24.28,25.45,14.02,0.3,11.82,11.63,9.96,9.65,13.38,13.26,2006-2007,REG,82
Los Angeles Lakers,82,42,40,48.9,106.1,30.4,72.3,7.3,5.1,18.2,14.1,12.2,43.7,82,42,40,4006,105.6,106.1,-0.5,59.6,1.45,17.2,26.1,72.3,49.4,15.9,51.1,55.4,95.99,49.9,2006-2007,Los Angeles Lakers,42.04,12.38,19.68,25.58,0.32,12.09,11.39,9.87,9.3,14.03,13.17,2006-2007,REG,82
Memphis Grizzlies,82,22,60,48.7,109.7,29,71.1,6.9,5,19.8,14.2,14.6,45.4,82,22,60,3996,104.3,109.7,-5.4,56,1.25,16,25.9,71.1,48.5,16.8,50.4,55.5,95.88,46.2,2006-2007,Memphis Grizzlies,45.26,13.17,20.62,20.6,0.35,11.38,11.55,9.42,9.58,13.08,13.41,2006-2007,REG,82
Miami Heat,82,44,38,48.4,102,30.8,73.3,6.9,5.4,16.4,13.3,12.8,36.1,82,44,38,3971,102.6,102,0.6,57.6,1.4,16.7,24.9,73.3,49.7,15.9,50.6,54.1,92.1,50.8,2006-2007,Miami Heat,41.48,12.99,21.15,24.11,0.27,12.07,12.59,9.62,10.72,14.19,14.08,2006-2007,REG,82
Milwaukee Bucks,82,28,54,48.4,109.1,27.7,68.1,7.2,2.7,17.5,14.2,12.9,43.5,82,28,54,3971,104,109.1,-5,56.7,1.43,16.8,27.6,68.1,47.6,15.8,50.4,54.1,94.77,45.6,2006-2007,Milwaukee Bucks,46.22,13.61,18.29,21.73,0.15,11.05,11.87,8.93,9.49,12.89,14.06,2006-2007,REG,82
Minnesota Timberwolves,82,32,50,48.8,105.3,30.2,72.1,6.5,4,17.5,13.9,11.8,40.4,82,32,50,4001,101.1,105.3,-4.2,61.7,1.45,17.7,25.2,72.1,49.2,16.4,49,53.7,93.35,48.7,2006-2007,Minnesota Timberwolves,35.9,16.93,30.45,16.24,0.48,12.41,12.05,10.63,9.78,13.94,13.98,2006-2007,REG,82
New Jersey Nets,82,41,41,48.5,103.5,30.8,74.4,6.1,3.3,16.6,12.5,11.1,35.6,82,41,41,3976,103.7,103.5,0.2,67.4,1.62,18.7,24.6,74.4,49.7,15.7,50.4,54.6,93.61,49.9,2006-2007,New Jersey Nets,39.93,9.86,23.98,26.02,0.2,12.49,12.48,10.49,10.53,14.17,14.06,2006-2007,REG,82
New Orleans Hornets,82,39,43,48.5,104,30.6,74.7,6.4,4.2,16.2,13,11.9,37.8,82,39,43,3976,101.9,104,-2.2,51.7,1.29,15,29.1,74.7,51.4,15.4,47.9,52,92.62,48.5,2006-2007,New Orleans Hornets,44.2,15.4,21.61,18.65,0.13,11.14,12.24,9.23,10.29,12.67,13.89,2006-2007,REG,82
New York Knicks,82,33,49,48.8,106.3,30.7,74,6.6,3.2,18.5,13.2,10.1,38.1,82,33,49,4001,102.7,106.3,-3.6,52.8,1.09,14.8,31,74,52.7,18.1,49.4,53.9,93.14,47.1,2006-2007,New York Knicks,50.13,10.29,18.08,21.18,0.33,10.52,12.34,8.11,10.47,12.54,13.94,2006-2007,REG,82
Orlando Magic,82,40,42,48.2,101.7,29.5,73.7,6.9,5.1,18,11.6,13,34,82,40,42,3956,102,101.7,0.4,53,1.1,15.2,29.3,73.7,52,18.3,50,54.4,92.2,50.2,2006-2007,Orlando Magic,46.95,14.88,22.49,15.55,0.13,10.4,12.27,8.19,10.4,12.37,13.74,2006-2007,REG,82
Philadelphia 76ers,82,35,47,48.5,103.9,28.7,70.8,7.2,4.8,17.2,14.3,11.9,41.2,82,35,47,3976,101,103.9,-2.9,56.9,1.33,16.2,27.2,70.8,49.1,16.3,48,53,93.17,48.9,2006-2007,Philadelphia 76ers,40.39,20.63,26.15,12.52,0.31,11.02,11.73,9.04,9.55,12.69,13.6,2006-2007,REG,82
Phoenix Suns,82,61,21,48.5,103.4,31.5,71.9,6.7,4.8,16.2,15.3,10.5,42.3,82,61,21,3981,111.4,103.4,8,62.6,1.78,19.3,22.7,71.9,48.6,14.7,55.1,59,98.08,56.1,2006-2007,Phoenix Suns,37.6,13.67,20.11,28.39,0.24,12.75,12.11,10.41,10.04,15.02,13.85,2006-2007,REG,82
Portland Trail Blazers,82,32,50,48.7,107.3,28,73,6.8,4.6,18.3,12.6,13.9,41.2,82,32,50,3991,101.7,107.3,-5.6,52.6,1.22,15.1,28.2,73,50.2,16.3,48.3,53,90.85,45.9,2006-2007,Portland Trail Blazers,42.48,12.85,25.36,18.82,0.5,11.81,11.24,9.88,9.17,13.39,13.1,2006-2007,REG,82
Sacramento Kings,82,33,49,48.3,105.2,29.2,72.5,8.2,3.2,15.5,12.8,12.5,41.9,82,33,49,3961,103.6,105.2,-1.7,56.6,1.39,15.9,23.1,72.5,47.3,14.9,49.1,54.5,97.23,48.5,2006-2007,Sacramento Kings,40.19,11.11,25.54,23.03,0.14,12.33,12.19,10.36,10.02,13.95,14.13,2006-2007,REG,82
San Antonio Spurs,82,58,24,48.2,97.4,31.4,75.7,7.2,5.1,15.3,12.4,10.8,38.9,82,58,24,3956,106.7,97.4,9.2,60.5,1.6,17.9,24.2,75.7,51,15,52.1,56.1,91.97,56.9,2006-2007,San Antonio Spurs,40.81,14.32,20.49,24.22,0.16,12.19,11.14,10.09,9.51,14.08,12.43,2006-2007,REG,82
Seattle SuperSonics,82,31,51,48.4,107.5,28.3,70.9,7.7,3.7,17.7,14.7,12.6,43.6,82,31,51,3966,104.1,107.5,-3.4,55.6,1.34,16.2,27.8,70.9,49.2,16.2,49.9,54.4,94.34,47.4,2006-2007,Seattle SuperSonics,42.92,18.13,17.04,21.66,0.26,11.47,11.67,9.48,9.29,13.17,13.82,2006-2007,REG,82
Toronto Raptors,82,47,35,48.2,103.2,30.2,74.5,7.1,3.9,15.1,12.6,11.7,40,82,47,35,3951,105,103.2,1.8,60.1,1.65,17.6,22.2,74.5,48.1,14.2,50.4,55,94.73,51.4,2006-2007,Toronto Raptors,35.02,15.3,27.33,22.1,0.24,12.78,12.15,10.93,10.02,14.38,13.99,2006-2007,REG,82
Utah Jazz,82,51,31,48.3,104.7,30,75.1,7,4.1,17.5,11.1,12.2,38.2,82,51,31,3961,106.7,104.7,2,65.9,1.58,18.6,31.7,75.1,53.4,16.4,50.2,55.1,94.06,53.1,2006-2007,Utah Jazz,43.95,14,25.76,16.06,0.23,11.03,12.12,9.02,9.82,12.84,14.04,2006-2007,REG,82
Washington Wizards,82,41,41,48.4,108,29,71,7.7,4.6,16.1,14.4,13.3,41.6,82,41,41,3966,106.7,108,-1.3,54.1,1.47,15.5,28.1,71,48.9,14.1,49.1,54.2,96.73,48.5,2006-2007,Washington Wizards,39.1,10.31,26.88,23.48,0.22,12.76,12.12,10.6,10.14,14.53,13.89,2006-2007,REG,82
Atlanta Hawks,82,26,56,48.5,108.3,27.2,69.5,7.2,4.8,18.1,15.2,12,44.4,82,26,56,3976,103.8,108.3,-4.5,55.2,1.27,15.7,31.4,69.5,49.9,16.7,48.6,53.4,92.99,46.2,2005-2006,Atlanta Hawks,45.15,14.04,23.03,17.53,0.25,11,10.76,9.27,8.87,12.43,12.5,2005-2006,REG,82
Boston Celtics,82,33,49,48.5,104,29.7,72.8,7,5.1,18.9,13.2,10.9,39.7,82,33,49,3976,102.5,104,-1.5,58.1,1.26,16.6,25.5,72.8,49.7,17.3,50.4,55.1,94.66,48.5,2005-2006,Boston Celtics,43.57,13.33,22.71,20.11,0.29,11.55,11.43,9.76,9.55,13.12,12.99,2005-2006,REG,82
Charlotte Bobcats,82,26,56,48.5,104.2,27.7,70.7,10,4.3,15.5,13.5,11.4,43.4,82,26,56,3981,99.5,104.2,-4.7,58,1.47,16.1,27.1,70.7,47.5,14.6,46.4,50.9,95.98,46.3,2005-2006,Charlotte Bobcats,41.58,13.93,26.09,18.05,0.34,11.56,11.13,9.48,9.07,13.15,13.02,2005-2006,REG,82
Chicago Bulls,82,41,41,48.5,100.2,31.7,74.7,6.2,4.2,16.3,13.1,10.6,32.2,82,41,41,3981,101.3,100.2,1,60.1,1.47,17,26.3,74.7,50.6,15.5,48.7,52.7,95.68,50.1,2005-2006,Chicago Bulls,37.01,14.1,26.97,21.64,0.28,12.65,12.81,11.12,10.94,13.88,14.2,2005-2006,REG,82
Cleveland Cavaliers,82,50,32,48.4,102.6,30.6,75.7,6.9,4.8,15.6,11.9,10.8,37.2,82,50,32,3966,105.2,102.6,2.5,53.6,1.37,15.4,28.4,75.7,51.8,14.9,49.2,53.8,92.16,51,2005-2006,Cleveland Cavaliers,43.89,13.55,19.71,22.57,0.28,11.49,12.01,9.15,10.27,13.44,13.46,2005-2006,REG,82
Dallas Mavericks,82,60,22,48.5,101.9,29.6,72.2,7.2,6,14,12.8,12.3,35.9,82,60,22,3976,108.7,101.9,6.8,50,1.32,14.8,31.8,72.2,52.4,14.9,49.5,55,90.33,55.1,2005-2006,Dallas Mavericks,38.6,22.13,21.8,17.1,0.36,11.49,11.53,10.16,9.89,12.63,12.83,2005-2006,REG,82
Denver Nuggets,82,44,38,48.6,102.1,30.3,72,8.5,5.6,16.7,14.2,14.2,41.1,82,44,38,3986,102.8,102.1,0.7,62.4,1.58,17.7,26.8,72,49.7,15.2,48.8,53.5,96.6,51.2,2005-2006,Denver Nuggets,43.23,12.66,28,15.77,0.34,11.06,12.07,8.78,9.94,13.02,13.84,2005-2006,REG,82
Detroit Pistons,82,64,18,48.4,100.2,28.6,71.2,7.1,6,13.5,12.6,11.4,40.1,82,64,18,3966,107.7,100.2,7.6,66.1,2.12,19.1,28.9,71.2,49.8,12.6,49.7,53.5,89.28,55.7,2005-2006,Detroit Pistons,32.36,20.65,24.84,22.06,0.09,12.82,11.01,11.09,8.98,14.26,12.68,2005-2006,REG,82
Golden State Warriors,82,34,48,48.4,103.5,30.3,71.6,7.4,4.3,16.1,13.7,13.3,40.8,82,34,48,3966,101.9,103.5,-1.6,57.6,1.47,16,26.9,71.6,48.7,14.6,47.9,52.1,95.82,47.5,2005-2006,Golden State Warriors,41.3,10.57,21.19,26.72,0.22,12.67,11.95,10.39,9.78,14.42,13.78,2005-2006,REG,82
Houston Rockets,82,34,48,48.4,100.6,31.3,74.6,7.2,3.9,15.2,11.6,10.2,30.1,82,34,48,3966,98.9,100.6,-1.7,58.3,1.32,16,25.5,74.6,50.5,16,47.1,51.9,90.39,49,2005-2006,Houston Rockets,38.66,16.28,22.52,22.36,0.18,12.23,13.07,10.22,11.47,13.77,14.28,2005-2006,REG,82
Indiana Pacers,82,41,41,48.1,99.9,31.2,72.6,7.3,5,16.2,13.1,11.1,37.9,82,41,41,3946,101.6,99.9,1.7,58.5,1.3,16.1,27.1,72.6,50.5,16.5,48.7,53.3,92.05,51.4,2005-2006,Indiana Pacers,38.57,17.11,19.84,24.21,0.27,12.44,11.31,10.37,9.71,14.09,12.55,2005-2006,REG,82
Los Angeles Clippers,82,47,35,48.3,100.7,33,75.9,6.5,6.1,15.7,12.5,9.8,39,82,47,35,3961,102.9,100.7,2.3,57.1,1.44,16.6,25.4,75.9,51.8,15.3,48.7,54,94.11,52.3,2005-2006,Los Angeles Clippers,37.09,25.74,24.2,12.7,0.27,11.49,11.56,9.89,9.74,12.88,12.96,2005-2006,REG,82
Los Angeles Lakers,82,45,37,48.4,102.6,30.3,73.6,7.7,4.3,14,13.2,10.1,39.1,82,45,37,3971,105.4,102.6,2.8,58,1.52,16.6,28.8,73.6,51.2,14.8,49.5,53.9,93.57,51.8,2005-2006,Los Angeles Lakers,39.34,13.85,22.84,23.7,0.27,12.45,11.81,10.28,9.79,14.24,13.46,2005-2006,REG,82
Memphis Grizzlies,82,49,33,48.4,99.2,29,72,7.3,5.4,14.8,12.6,12.3,36.3,82,49,33,3971,103,99.2,3.8,57.8,1.4,16.3,25.8,72,49.1,15.5,49.6,53.7,88.55,51.6,2005-2006,Memphis Grizzlies,44.62,11.87,17.8,25.53,0.18,11.66,11.53,9.7,9.54,13.25,13.06,2005-2006,REG,82
Miami Heat,82,52,30,48.2,101.7,32.6,76.4,6.4,5.4,16.4,11.9,12.4,35.3,82,52,30,3951,106.4,101.7,4.7,55.7,1.43,16.5,26.7,76.4,52.6,15.4,51.7,55.6,93.81,53.8,2005-2006,Miami Heat,46.51,13.17,17.69,22.31,0.31,11.04,12.36,8.45,10.65,13.41,13.7,2005-2006,REG,82
Milwaukee Bucks,82,40,42,48.4,105,29.9,74.6,7.3,3.3,16.7,12.2,12.1,39.7,82,40,42,3971,103.3,105,-1.7,59.4,1.48,16.9,27.3,74.6,50.5,15.4,49.2,53.5,93.57,48.6,2005-2006,Milwaukee Bucks,44.87,15.63,19.19,20.26,0.06,11.07,11.77,9.49,9.55,12.37,13.71,2005-2006,REG,82
Minnesota Timberwolves,82,33,49,48.4,101.7,29.5,71.3,6.8,5.7,15.5,14.5,10.2,39.6,82,33,49,3971,99.6,101.7,-2.1,59.4,1.44,17,25.2,71.3,48.9,15.7,48,52.4,91.28,50.3,2005-2006,Minnesota Timberwolves,37.22,17.56,30.41,14.46,0.35,12.08,11.18,10.13,9.29,13.72,12.66,2005-2006,REG,82
New Jersey Nets,82,49,33,48.2,99.8,31,76.3,6.8,3.4,14.7,10.7,11.3,34.4,82,49,33,3956,101.5,99.8,1.7,67.8,1.68,18.3,24,76.3,49.8,14.8,47.8,52.8,92.03,51.3,2005-2006,New Jersey Nets,38.55,12.93,25.71,22.49,0.32,12.53,12.18,10.69,10.31,13.98,13.65,2005-2006,REG,82
New Orleans Hornets,82,38,44,48.3,104.4,29,73.4,7.5,3.8,14.3,12.4,12,36.3,82,38,44,3961,100.6,104.4,-3.8,53.7,1.39,15.2,26.9,73.4,49.5,14.5,46.4,51.5,91.32,48.4,2005-2006,New Orleans Hornets,43.12,16.43,26.68,13.6,0.17,10.85,12.36,9.26,10.37,12.1,14.04,2005-2006,REG,82
New York Knicks,82,23,59,48.6,108.4,28.8,72.8,6.8,3.3,20,12.9,11.7,37,82,23,59,3986,101.1,108.4,-7.3,52,1.01,14.3,31.2,72.8,51.8,18.7,48.1,53.4,93.22,44.4,2005-2006,New York Knicks,50.23,15.06,20.61,13.78,0.31,9.74,12.51,7.99,10.38,11.2,14.38,2005-2006,REG,82
Orlando Magic,82,36,46,48.5,104.7,29.3,72.5,6.5,4.4,17.1,13.1,12.3,36.8,82,36,46,3981,103.6,104.7,-1.1,51.4,1.21,15.1,28.5,72.5,51.1,16.5,49.6,54.3,90.65,49.5,2005-2006,Orlando Magic,45.18,16.08,25.81,12.72,0.21,10.56,11.91,8.96,9.92,11.99,13.57,2005-2006,REG,82
Philadelphia 76ers,82,38,44,48.5,104.8,29.6,71.3,7.9,4.9,15.9,14.1,13.4,41.4,82,38,44,3981,103.7,104.8,-1.2,55.1,1.43,15.9,25.6,71.3,48.5,14.8,48.7,53.8,95.13,49.2,2005-2006,Philadelphia 76ers,43.37,18.9,22.03,15.54,0.17,10.71,11.65,8.97,9.65,12.18,13.36,2005-2006,REG,82
Phoenix Suns,82,54,28,48.7,102.9,32.3,72.1,6.7,5,14.9,14.6,11.2,41.4,82,54,28,3991,109.4,102.9,6.4,63.5,2,19.7,22.1,72.1,47.7,13.4,53.7,56.8,98.13,54.7,2005-2006,Phoenix Suns,30.78,13.8,26.17,29.06,0.18,14.01,12.29,12.03,10.41,15.82,13.86,2005-2006,REG,82
Portland Trail Blazers,82,21,61,48.1,109.4,26.9,68.2,6.5,5.3,17.3,14,12.4,38.9,82,21,61,3946,97.9,109.4,-11.5,53.4,1.24,15.2,26.6,68.2,47.1,16.2,47.4,51.1,90.09,42.4,2005-2006,Portland Trail Blazers,42.64,12.57,28.25,16.2,0.34,11.55,11.56,9.62,10.01,13.1,12.92,2005-2006,REG,82
Sacramento Kings,82,44,38,48.4,102.3,30.2,72.2,7.4,3.6,16.5,12.8,12.1,39.9,82,44,38,3966,103.9,102.3,1.6,61.8,1.52,17.4,25.4,72.2,49,15.4,49.2,54.4,94.45,51.5,2005-2006,Sacramento Kings,37.52,9.37,31.38,21.51,0.22,12.9,11.99,10.64,9.94,14.78,13.7,2005-2006,REG,82
San Antonio Spurs,82,63,19,48.3,96.9,31.1,74.2,6.6,5.7,13.1,11.8,11,39.1,82,63,19,3961,105.2,96.9,8.3,57.4,1.52,17.1,26,74.2,50.7,15.1,51.3,54.6,90.65,55.4,2005-2006,San Antonio Spurs,44.07,15.04,19.49,21.22,0.17,11.42,10.48,9.45,8.88,13.19,11.71,2005-2006,REG,82
Seattle SuperSonics,82,35,47,48.4,111.3,27.2,69,7.6,3.7,17.6,15.3,13.3,42.8,82,35,47,3966,107.4,111.3,-3.9,55.1,1.4,16.1,30.4,69,49.4,15.4,50.4,55.1,94.47,46.7,2005-2006,Seattle SuperSonics,41.07,16.23,18.43,23.92,0.36,12.15,11.78,10.32,9.73,13.69,13.72,2005-2006,REG,82
Toronto Raptors,82,27,55,48.7,109.7,27.9,73.3,6.5,3.3,15,12.9,12.4,43,82,27,55,3991,106.7,109.7,-3,52.9,1.49,15.6,25.4,73.3,48.3,13.8,50,54.8,93.45,45.9,2005-2006,Toronto Raptors,36.99,17.25,21.42,24.08,0.26,12.49,11.5,10.88,9.47,13.83,13.46,2005-2006,REG,82
Utah Jazz,82,41,41,48.5,104.5,29,73.2,6.4,6,17.6,12.5,12.6,34.6,82,41,41,3976,100.8,104.5,-3.6,64.6,1.37,17.1,32.4,73.2,52.6,17.2,46.7,51.9,90.35,49.7,2005-2006,Utah Jazz,42.11,13.31,29.76,14.61,0.21,11.34,12.23,9.33,10.61,12.94,13.55,2005-2006,REG,82
Washington Wizards,82,42,40,48.4,104.7,28.6,70.9,8,4.1,15.9,13.1,12.5,40.4,82,42,40,3966,106,104.7,1.3,51.2,1.33,14.6,29.5,70.9,49.5,14.5,48.4,53.8,94.88,50.3,2005-2006,Washington Wizards,42.02,12.33,24.73,20.73,0.18,12.15,11.94,10.04,9.89,13.86,13.72,2005-2006,REG,82
Atlanta Hawks,82,13,69,48.4,108.4,28.5,72.1,7.7,4.2,18.5,13.6,13.1,41.4,82,13,69,3971,97.9,108.4,-10.5,54.9,1.22,15.4,30.7,72.1,50.4,17,46.4,50.4,93.8,42.2,2004-2005,Atlanta Hawks,48.5,16.55,20.37,14.24,0.34,10.05,11.09,8.15,9.32,11.54,12.71,2004-2005,REG,82
Boston Celtics,82,45,37,48.5,103.3,29.7,70.1,8.1,5.2,17.7,15,12.4,39.5,82,45,37,3976,104.8,103.3,1.5,59.4,1.4,17,27.2,70.1,49.1,16.4,50.1,55.1,95.92,50.5,2004-2005,Boston Celtics,45.56,13.99,21.24,18.95,0.25,10.96,11.63,9,9.63,12.69,13.23,2004-2005,REG,82
Charlotte Bobcats,82,18,64,48.5,104.7,28.5,70.9,8.5,5.4,16.6,13.1,14,40.8,82,18,64,3976,98,104.7,-6.8,60.6,1.51,16.7,29.5,70.9,49.1,15.1,45.5,49.7,95,46,2004-2005,Charlotte Bobcats,38.97,18.84,29.39,12.67,0.13,11.38,11.05,9.87,9.25,12.52,12.6,2004-2005,REG,82
Chicago Bulls,82,47,35,48.4,97.5,31.6,72.6,7,4.5,17.2,12.6,10.3,33.3,82,47,35,3966,98.5,97.5,1,61.2,1.27,16.4,28.4,72.6,50.6,17.4,47.1,51.7,95.11,49.8,2004-2005,Chicago Bulls,39.49,17.4,21.44,21.51,0.17,11.94,12.31,10.28,10.49,13.2,13.64,2004-2005,REG,82
Cleveland Cavaliers,82,42,40,48.4,102.5,28.7,71.5,8,5.6,15.3,13.2,12.6,37.9,82,42,40,3971,103.2,102.5,0.7,61.9,1.62,17.4,32.5,71.5,51.5,14.9,47,51.8,92.62,51,2004-2005,Cleveland Cavaliers,43.19,20.01,23.25,13.43,0.12,10.74,11.24,8.81,9.75,12.31,12.46,2004-2005,REG,82
Dallas Mavericks,82,58,24,48.1,101,30.9,70.2,8.6,5.6,15,14.5,13.7,39.8,82,58,24,3946,107.5,101,6.4,52.6,1.46,15.4,28.6,70.2,49.9,14.1,49.2,54.5,95.33,53.7,2004-2005,Dallas Mavericks,38.39,18.29,24.18,18.8,0.33,11.92,11.52,10.15,9.41,13.42,13.17,2004-2005,REG,82
Denver Nuggets,82,49,33,48.2,100.7,30.2,71.7,9.1,6,16,14,13,39.2,82,49,33,3951,103.4,100.7,2.7,64.5,1.6,18.1,28.4,71.7,50.2,15.5,48.3,53.5,96.13,53.1,2004-2005,Denver Nuggets,43.93,14.48,27.39,13.85,0.35,10.77,11.92,8.36,9.79,12.82,13.64,2004-2005,REG,82
Detroit Pistons,82,54,28,48.7,97.9,30.6,73,7,6.1,14.5,12.1,12.3,35,82,54,28,3991,102.8,97.9,4.8,62.7,1.58,17.4,31.2,73,52.3,15.2,47.2,51.9,89.83,54.2,2004-2005,Detroit Pistons,39.92,22.33,21.49,16.1,0.16,11.08,11.8,9.28,9.93,12.51,13.21,2004-2005,REG,82
Golden State Warriors,82,34,48,48.5,104,29.7,69.7,7.8,5.1,15.7,15,13,43,82,34,48,3981,101.9,104,-2,59.8,1.63,16.7,27.8,69.7,47.8,14,47.5,51.2,95.85,47.3,2004-2005,Golden State Warriors,38.41,11.62,24.75,25.06,0.16,12.92,11.44,10.93,9.66,14.42,12.95,2004-2005,REG,82
Houston Rockets,82,51,31,48.4,98.9,31.7,74.5,6.9,4.6,15.1,11.5,10.1,30.9,82,51,31,3971,103.2,98.9,4.3,60.9,1.53,17.1,26.3,74.5,51,15,48.6,53.4,91.28,52.7,2004-2005,Houston Rockets,34.91,15.84,25.61,23.4,0.23,13.04,12.78,11.25,11.07,14.46,14.04,2004-2005,REG,82
Indiana Pacers,82,44,38,48.5,101.9,29.5,71.3,7.5,4.4,14.4,12.5,10.9,35.3,82,44,38,3981,102.4,101.9,0.5,55.8,1.27,15.2,26.4,71.3,49.2,15.8,47.6,53.4,89.63,50.4,2004-2005,Indiana Pacers,37.11,17.55,19.95,25.2,0.2,12.72,11.53,10.74,10.03,14.22,12.71,2004-2005,REG,82
Los Angeles Clippers,82,37,45,48.9,103.4,29.9,71.3,7.3,5.1,17.5,12.9,10,39.3,82,37,45,4006,102.2,103.4,-1.2,65,1.47,18,30.3,71.3,51.5,16.8,47.7,53.3,91.85,51.8,2004-2005,Los Angeles Clippers,40.56,19.96,28.97,10.22,0.28,11.05,11.63,9.34,9.96,12.51,12.97,2004-2005,REG,82
Los Angeles Lakers,82,34,48,48.2,108,30.6,71.1,6.2,4.2,16.9,14.7,13,39.8,82,34,48,3956,104.9,108,-3.1,57.8,1.42,16.1,29.5,71.1,50.4,15.2,48.5,53.5,93.65,46.8,2004-2005,Los Angeles Lakers,41.82,12.05,18.83,26.79,0.51,12.35,12.25,10.26,10.43,13.97,13.77,2004-2005,REG,82
Memphis Grizzlies,82,45,37,48.1,99.9,28.1,69.9,8.5,5.8,15.7,14.1,12.4,34.4,82,45,37,3941,102.5,99.9,2.7,61.2,1.43,17,27.1,69.9,48.6,16,48.9,53.5,91.08,51.5,2004-2005,Memphis Grizzlies,47.23,11.5,17.6,23.36,0.3,11.09,11.64,9.09,10.05,12.7,12.85,2004-2005,REG,82
Miami Heat,82,59,23,48.7,99.8,32.2,74.1,6.4,5.8,14.9,12.9,11.6,34.1,82,59,23,3996,108.2,99.8,8.4,57.8,1.59,17.3,27,74.1,51.5,14.6,52.4,55.9,93.09,55.6,2004-2005,Miami Heat,43.18,15.2,21.88,19.58,0.16,11.14,12.33,9.09,10.81,13.09,13.47,2004-2005,REG,82
Milwaukee Bucks,82,30,52,48.2,106.7,29.3,72,6.5,3.5,16.2,13.6,15,41.9,82,30,52,3956,103.4,106.7,-3.3,58,1.52,16.5,29,72,50.3,14.7,47.5,52.7,93.47,47.8,2004-2005,Milwaukee Bucks,42.43,21.16,22.37,13.88,0.17,10.72,11.55,9.28,9.3,11.9,13.5,2004-2005,REG,82
Minnesota Timberwolves,82,44,38,48.2,103.7,31.5,71.4,5.6,5.5,15.2,13.7,11.6,38.6,82,44,38,3951,104.9,103.7,1.2,63,1.78,18.4,28.6,71.4,51,14.3,48.9,53.4,91.7,51.8,2004-2005,Minnesota Timberwolves,32.01,22.3,28.44,17,0.24,12.79,11.59,11.18,9.79,14.16,12.99,2004-2005,REG,82
New Jersey Nets,82,42,40,48.5,100.4,29.1,73.2,7.9,3.8,14.8,12.6,11.2,32,82,42,40,3981,98.3,100.4,-2.1,64.4,1.52,17.3,25.5,73.2,49,15.3,46.3,51.2,91.73,49,2004-2005,New Jersey Nets,36.43,15.11,29.8,18.39,0.27,12.53,12.37,11.1,10.95,13.61,13.48,2004-2005,REG,82
New Orleans Hornets,82,18,64,48.6,105.1,27.8,70.7,6.7,3.8,17.5,13.6,11.7,36.7,82,18,64,3986,95.9,105.1,-9.1,63.4,1.42,16.7,29.1,70.7,49,16.1,44.6,49.3,90.39,43.7,2004-2005,New Orleans Hornets,36.79,15.43,27.74,19.87,0.17,12.25,12.13,10.42,10.14,13.55,13.78,2004-2005,REG,82
New York Knicks,82,33,49,48.5,106.5,29.2,71.2,7.7,3.2,16.6,13.5,12.4,40,82,33,49,3976,103,106.5,-3.5,55.9,1.38,16,28.3,71.2,49.6,15.5,48.5,53.1,93.08,47.5,2004-2005,New York Knicks,40.07,16.09,25.11,18.38,0.35,11.76,11.49,10,9.55,13.2,13.18,2004-2005,REG,82
Orlando Magic,82,36,46,48.1,104.2,31,71.3,7.7,5.4,17.9,14.2,14.7,40.9,82,36,46,3941,102.1,104.2,-2.1,52.2,1.2,14.9,29.9,71.3,50.9,16.5,47.8,52.9,97.42,48.9,2004-2005,Orlando Magic,40.14,18.61,27.61,13.51,0.14,11.24,11.48,9.44,9.6,12.74,13.03,2004-2005,REG,82
Philadelphia 76ers,82,43,39,48.4,101.5,30.9,72.7,9.2,3.9,17.4,13.4,10.1,35,82,43,39,3971,100.8,101.5,-0.7,58,1.34,16,25.4,72.7,48.8,15.8,47.5,52.8,97.54,49.3,2004-2005,Philadelphia 76ers,41.32,15.89,21.26,21.39,0.14,11.65,12.6,9.66,10.59,13.2,14.2,2004-2005,REG,82
Phoenix Suns,82,62,20,48.2,103.7,32.3,68.3,7,5.5,15.9,17.4,12,43.2,82,62,20,3956,111.9,103.7,8.2,57.5,1.71,17.5,27.5,68.3,48.9,13.9,53.4,57.1,98.62,54.6,2004-2005,Phoenix Suns,37.08,16.81,17.28,28.44,0.38,12.61,12.02,10.54,9.9,14.5,13.71,2004-2005,REG,82
Portland Trail Blazers,82,27,55,48.1,104.5,29.3,67.7,7.1,6.6,17.7,15.8,14.3,41.7,82,27,55,3946,100.1,104.5,-4.4,59.5,1.32,16.7,29.6,67.7,49.4,17.2,48.4,52.4,92.6,47.5,2004-2005,Portland Trail Blazers,45.99,14.54,21.48,17.77,0.22,10.81,11.2,8.78,9.34,12.48,12.71,2004-2005,REG,82
Sacramento Kings,82,50,32,48.4,105,29.9,69,8.2,3.9,15.2,15,12.9,42.9,82,50,32,3971,107.5,105,2.5,62.6,1.87,18.3,28.8,69,48.9,13.6,49.6,54.1,95.72,52.2,2004-2005,Sacramento Kings,35.32,10.96,33.66,19.88,0.17,13.04,11.63,11.23,9.49,14.58,13.45,2004-2005,REG,82
San Antonio Spurs,82,59,23,48.3,95.8,30.4,73.6,7.5,6.6,14.6,12.3,10.9,37.2,82,59,23,3961,104.9,95.8,9.1,60.6,1.57,17.2,29.1,73.6,51.3,15,49.2,53.4,91.42,56.5,2004-2005,San Antonio Spurs,44.91,16.25,17.35,21.29,0.2,11.19,10.69,9.16,9.28,12.87,11.73,2004-2005,REG,82
Seattle SuperSonics,82,52,30,48.2,106.1,28.2,71.3,6.7,4.1,15.4,13.6,12.1,39.8,82,52,30,3951,108.1,106.1,2,51.6,1.34,14.8,32.4,71.3,51.9,14.8,49.5,54.6,90.99,50.4,2004-2005,Seattle SuperSonics,40.12,15.34,16.5,27.73,0.31,12.49,11.67,10.5,9.48,14.08,13.52,2004-2005,REG,82
Toronto Raptors,82,33,49,48.3,105.9,29.8,71.1,7.6,3.9,15.3,13.8,11.7,41.9,82,33,49,3961,104.5,105.9,-1.3,56.6,1.54,16.2,23.7,71.1,47,13.9,49.2,53.9,94.97,47.9,2004-2005,Toronto Raptors,37.44,16.7,20.71,24.86,0.29,12.51,11.26,11.02,9.41,13.7,12.89,2004-2005,REG,82
Utah Jazz,82,26,56,48.2,107,27.4,72.3,6.6,4.6,17.8,12.1,13.4,35.6,82,26,56,3956,101.1,107,-5.9,64.6,1.41,17.5,31.9,72.3,51.6,17.1,46.9,52.2,91.01,47.5,2004-2005,Utah Jazz,40.25,16.46,31.47,11.54,0.29,11.29,12.41,9.44,10.26,12.79,14.23,2004-2005,REG,82
Washington Wizards,82,45,37,48.2,104.2,29,70,8.7,4.2,15.8,14.8,12.2,40.7,82,45,37,3956,104,104.2,-0.2,52.7,1.33,14.7,31.1,70,49.9,14.8,47.4,52.3,96.18,48.5,2004-2005,Washington Wizards,41.88,15.46,20.64,21.77,0.25,12.07,12.06,9.99,10,13.69,13.82,2004-2005,REG,82