Team,Less than 8ft. usage %,8-16 feet usage %,16-24 feet usage %,24+ feet usage %,Back Court Shots usage %,Avg. Shot Dis.(ft.),Opp. Avg. Shot Dis.(ft.),Avg. Made Shot Dis.(ft.),Opp. Made Avg. Shot Dis.(ft.),Avg. Missed Shot Dis.(ft.),Opp. Missed Avg. Shot Dis.(ft.),Season,Season Type,Match Count
Atlanta Hawks,41.75,10.71,13.84,33.45,0.25,12.76,12.58,10.47,10.41,14.69,14.22,2015-2016,REG,82
Brooklyn Nets,43.68,16.32,18.1,21.68,0.23,11.66,12.34,9.79,10.03,13.21,14.47,2015-2016,REG,82
Boston Celtics,42.73,12.51,15.55,29,0.21,12.43,12.38,10.01,10.1,14.33,14.17,2015-2016,REG,82
Charlotte Hornets,36.4,13.29,15.52,34.64,0.14,13.73,13.05,11.68,10.97,15.33,14.71,2015-2016,REG,82
Chicago Bulls,41.5,15.43,18.51,24.11,0.45,12.32,12.23,10.71,10.18,13.58,13.85,2015-2016,REG,82
Cleveland Cavaliers,39.39,12.83,12.52,35.09,0.17,13.33,12.46,11.03,10.22,15.3,14.28,2015-2016,REG,82
Dallas Mavericks,35.79,14.47,15.87,33.6,0.28,13.71,13.07,11.4,10.77,15.55,14.96,2015-2016,REG,82
Denver Nuggets,47.41,10.53,14.18,27.6,0.29,11.81,12.62,9.65,10.53,13.53,14.41,2015-2016,REG,82
Detroit Pistons,44.16,13.92,11.66,29.76,0.51,12.33,11.95,10.09,9.85,14.09,13.74,2015-2016,REG,82
Golden State Warriors,39.59,12.24,11.94,35.9,0.34,13.48,12.42,11.63,10.16,15.24,14.15,2015-2016,REG,82
Houston Rockets,45.78,9.03,8.17,36.6,0.41,12.55,12.66,9.9,10.32,14.74,14.63,2015-2016,REG,82
Indiana Pacers,37.32,13.85,21.88,26.66,0.3,13.15,12.76,10.75,10.45,15.11,14.58,2015-2016,REG,82
Los Angeles Clippers,34.76,11.58,21.62,31.75,0.29,14.15,12.58,11.82,10.34,16.17,14.3,2015-2016,REG,82
Los Angeles Lakers,37.85,16.41,16.9,28.49,0.35,13.06,12.19,10.71,9.62,14.71,14.51,2015-2016,REG,82
Memphis Grizzlies,46.54,14.03,17.28,21.81,0.34,11.35,13.34,9.45,11.16,12.84,15.17,2015-2016,REG,82
Miami Heat,43.43,16.23,18.36,21.69,0.28,11.58,12.22,9.23,10.26,13.66,13.77,2015-2016,REG,82
Milwaukee Bucks,52.29,13.75,15.17,18.57,0.22,10.1,12.37,7.96,9.97,11.97,14.38,2015-2016,REG,82
Minnesota Timberwolves,42.66,13.23,23.9,20.06,0.15,11.88,12.42,9.55,9.94,13.91,14.61,2015-2016,REG,82
New Orleans Pelicans,41.01,13.76,17.54,27.48,0.21,12.52,12.92,10.67,10.65,14.03,14.92,2015-2016,REG,82
New York Knicks,36.61,17.61,20.26,25.32,0.2,12.99,12,11.21,9.95,14.38,13.63,2015-2016,REG,82
Oklahoma City Thunder,42.72,15.02,14.72,27.41,0.14,11.95,11.79,9.7,9.64,13.99,13.47,2015-2016,REG,82
Orlando Magic,40.92,13.01,20.6,25.14,0.34,12.52,12.51,10.38,10.31,14.3,14.39,2015-2016,REG,82
Philadelphia 76ers,44.42,12.85,9.98,32.52,0.23,12.42,11.96,9.9,9.92,14.33,13.73,2015-2016,REG,82
Phoenix Suns,41.74,12.58,15.53,29.94,0.21,12.61,12.58,10.37,10.47,14.33,14.43,2015-2016,REG,82
Portland Trailblazers,39.08,12.02,15.66,33.04,0.2,13.33,12.63,11.5,10.97,14.83,14.01,2015-2016,REG,82
Sacramento Kings,48.15,10.36,15.52,25.71,0.25,11.68,13.27,9.49,11.09,13.58,15.15,2015-2016,REG,82
San Antonio Spurs,38.78,18.74,20.19,22.06,0.22,12.19,12.17,10.25,10.13,14.02,13.75,2015-2016,REG,82
Toronto Raptors,42.74,14.72,13.9,28.37,0.27,12.38,12.58,10.4,10.88,14,13.94,2015-2016,REG,82
Utah Jazz,41.32,16.34,12.73,29.27,0.35,12.32,12.33,10.18,10.39,14.06,13.89,2015-2016,REG,82
Washington Wizards,38.48,14.4,18.96,27.91,0.26,12.97,13.03,10.64,10.93,14.96,14.83,2015-2016,REG,82
Atlanta Hawks,41.85,10.93,15.09,32.08,0.04,12.75,13.04,10.85,10.75,14.41,14.84,2014-2015,REG,82
Brooklyn Nets,42.64,17.05,16.31,23.63,0.37,11.92,12.43,9.76,10.13,13.69,14.36,2014-2015,REG,82
Boston Celtics,39.64,13.03,19.33,27.79,0.22,12.84,12.19,10.56,9.82,14.66,14.14,2014-2015,REG,82
Charlotte Hornets,37.61,16.42,23.38,22.33,0.26,12.75,12.8,10.8,11.05,14.16,14.18,2014-2015,REG,82
Chicago Bulls,43.71,13.09,16.33,26.51,0.35,12.18,12.3,10.23,10.51,13.72,13.68,2014-2015,REG,82
Cleveland Cavaliers,41.88,12.35,12.33,33.3,0.15,12.77,12.28,10.55,10,14.66,14.18,2014-2015,REG,82
Dallas Mavericks,40.05,12.17,18.18,29.46,0.14,12.81,12.7,10.47,10.56,14.81,14.46,2014-2015,REG,82
Denver Nuggets,44.48,11.99,15.13,28.09,0.31,12.26,12.35,9.85,10.19,14.11,14.18,2014-2015,REG,82
Detroit Pistons,48.49,9.67,12.81,28.7,0.33,11.77,12.03,9.61,9.94,13.41,13.78,2014-2015,REG,82
Golden State Warriors,39.38,14.17,15.41,30.69,0.35,13.08,12.52,10.94,10.37,15.03,14.13,2014-2015,REG,82
Houston Rockets,46.31,7.65,6.73,39.06,0.25,12.71,12.25,10.03,9.73,14.85,14.26,2014-2015,REG,82
Indiana Pacers,37.81,14.46,22.23,25.22,0.28,13,12.61,11.21,10.68,14.4,14.1,2014-2015,REG,82
Los Angeles Clippers,33.97,11.91,21.91,32.03,0.18,14.14,12.98,12,10.84,16.06,14.68,2014-2015,REG,82
Los Angeles Lakers,38.58,16.1,23.3,21.89,0.13,12.54,12.14,10.34,9.83,14.23,14.16,2014-2015,REG,82
Memphis Grizzlies,46.43,17.3,17.92,18.02,0.33,10.95,12.82,8.91,10.6,12.68,14.58,2014-2015,REG,82
Miami Heat,40.09,15.34,18.37,25.89,0.3,12.38,12.48,9.95,10.18,14.41,14.4,2014-2015,REG,82
Milwaukee Bucks,44.86,13.63,19.21,22.2,0.1,11.4,12.21,9.49,9.95,13.02,13.96,2014-2015,REG,82
Minnesota Timberwolves,43.05,15.53,23.5,17.73,0.19,11.6,12.22,9.5,9.66,13.23,14.64,2014-2015,REG,82
New Orleans Pelicans,46.64,13.1,16.93,23.06,0.27,11.42,11.46,9.6,9.15,12.96,13.4,2014-2015,REG,82
New York Knicks,35.82,15.54,24.65,23.73,0.27,13.27,12.2,11.61,10.33,14.51,13.79,2014-2015,REG,82
Oklahoma City Thunder,43.3,14.14,16.42,25.98,0.16,11.93,12.1,9.73,9.96,13.71,13.78,2014-2015,REG,82
Orlando Magic,45.47,13.8,17.14,23.37,0.22,11.56,12.75,9.53,10.56,13.24,14.64,2014-2015,REG,82
Philadelphia 76ers,47.15,9.25,11.75,31.59,0.27,12.22,12.14,9.64,10.04,14,13.84,2014-2015,REG,82
Phoenix Suns,39.64,16.01,15.26,28.77,0.33,12.61,11.88,10.17,9.65,14.61,13.71,2014-2015,REG,82
Portland Trailblazers,35.47,13.95,18.96,31.41,0.21,13.74,11.97,11.47,10.04,15.59,13.49,2014-2015,REG,82
Sacramento Kings,48.18,13.14,18.19,20.28,0.22,11.05,12.91,9.03,10.51,12.75,14.93,2014-2015,REG,82
San Antonio Spurs,43.01,15.28,14.78,26.78,0.15,12.05,11.67,10,9.83,13.86,13.14,2014-2015,REG,82
Toronto Raptors,41.43,13.82,14.52,30.05,0.18,12.77,12.2,10.45,10.02,14.71,14.05,2014-2015,REG,82
Utah Jazz,43.59,12.93,16.01,27.17,0.29,12.19,12.34,9.64,10.46,14.25,13.85,2014-2015,REG,82
Washington Wizards,39.57,17.11,22.96,20.16,0.19,12.11,13.01,9.94,11.01,13.97,14.55,2014-2015,REG,82
Atlanta Hawks,39.91,13.98,14.48,31.43,0.19,12.91,12.48,10.83,10.44,14.67,14.22,2013-2014,REG,82
Brooklyn Nets,38.48,15.45,16.01,29.69,0.38,13.09,12.47,11.1,10.43,14.78,14.2,2013-2014,REG,82
Boston Celtics,39.44,13.56,21.89,24.89,0.22,12.77,11.66,10.76,9.44,14.32,13.58,2013-2014,REG,82
Charlotte Bobcats,40.81,15.55,21.82,21.55,0.27,12.15,12.59,9.99,10.85,13.87,13.98,2013-2014,REG,82
Chicago Bulls,42.04,13.61,22.17,21.83,0.35,12.18,12.6,10.37,10.68,13.57,14.05,2013-2014,REG,82
Cleveland Cavaliers,40.65,16.09,19.69,23.22,0.35,12.3,13.21,10.57,11.03,13.64,15.01,2013-2014,REG,82
Dallas Mavericks,38.08,17.25,17.3,27.13,0.25,12.77,12.36,10.87,10.04,14.49,14.37,2013-2014,REG,82
Denver Nuggets,46.46,10.71,15,27.51,0.33,12.02,11.92,9.77,9.87,13.83,13.65,2013-2014,REG,82
Detroit Pistons,52.27,9.84,15.72,21.83,0.34,10.66,12.1,7.95,9.94,12.84,14.02,2013-2014,REG,82
Golden State Warriors,40.06,13.99,16.87,28.78,0.3,12.93,12.59,10.94,10.59,14.64,14.13,2013-2014,REG,82
Houston Rockets,52.38,8.06,6.59,32.8,0.17,11.46,12.41,8.9,10.26,13.75,14.12,2013-2014,REG,82
Indiana Pacers,39.71,16.36,20.48,23.17,0.27,12.49,12.53,10.73,10.98,13.93,13.66,2013-2014,REG,82
Los Angeles Clippers,37.79,12.38,20.83,28.83,0.18,13.31,12.13,10.78,9.68,15.61,14.06,2013-2014,REG,82
Los Angeles Lakers,39.17,14.88,16.89,28.96,0.09,13.03,11.96,11.15,9.74,14.58,13.92,2013-2014,REG,82
Memphis Grizzlies,48.24,15.6,19.1,16.78,0.28,10.78,12.67,8.9,10.67,12.41,14.31,2013-2014,REG,82
Miami Heat,42.53,11.53,16.76,29.05,0.13,12.28,12.46,9.59,10.18,14.98,14.39,2013-2014,REG,82
Milwaukee Bucks,44.96,13.82,18.17,22.94,0.1,11.62,12.07,9.82,10.15,13.03,13.77,2013-2014,REG,82
Minnesota Timberwolves,45.4,12.74,17.4,24.25,0.21,11.63,12.26,9.21,9.97,13.56,14.3,2013-2014,REG,82
New Orleans Pelicans,47.92,14.35,18.46,18.92,0.35,10.99,12.16,9.34,9.74,12.38,14.26,2013-2014,REG,82
New York Knicks,34.23,13.28,22.21,29.9,0.37,13.91,12.51,11.98,10.46,15.49,14.24,2013-2014,REG,82
Oklahoma City Thunder,39.88,16.3,16.71,26.85,0.27,12.48,12.44,10.3,10.54,14.43,13.92,2013-2014,REG,82
Orlando Magic,39.21,14.1,23.19,23.25,0.25,12.63,12.93,10.78,10.97,14.12,14.58,2013-2014,REG,82
Philadelphia 76ers,51.3,11.75,11.14,25.53,0.28,10.91,12.6,8.48,10.25,12.78,14.7,2013-2014,REG,82
Phoenix Suns,40.23,15.46,14.31,29.77,0.23,12.6,11.72,10.47,9.49,14.44,13.59,2013-2014,REG,82
Portland Trailblazers,36.09,14.1,20.75,28.89,0.17,13.4,11.53,11.52,9.83,14.94,12.94,2013-2014,REG,82
Sacramento Kings,44.99,14.44,18.77,21.64,0.16,11.78,12.78,9.67,10.63,13.49,14.62,2013-2014,REG,82
San Antonio Spurs,43.3,12.98,18.06,25.46,0.2,12.08,11.94,10.11,10.11,13.94,13.39,2013-2014,REG,82
Toronto Raptors,39.35,14.1,18.03,28.31,0.21,13.07,11.73,11.17,9.73,14.6,13.37,2013-2014,REG,82
Utah Jazz,41.94,14.5,19.88,23.31,0.38,12.24,11.74,9.94,9.66,14.07,13.6,2013-2014,REG,82
Washington Wizards,38.8,14.54,22.04,24.41,0.2,12.73,12.61,10.51,10.27,14.61,14.6,2013-2014,REG,82
Atlanta Hawks,40.43,10.19,20.77,28.42,0.2,12.95,12.26,10.6,10.51,14.98,13.7,2012-2013,REG,82
Brooklyn Nets,43.28,14.49,15.36,26.66,0.2,12.16,11.87,10.23,9.86,13.73,13.62,2012-2013,REG,82
Boston Celtics,38.49,16.1,23.88,21.15,0.37,12.39,11.85,10.63,9.45,13.92,13.74,2012-2013,REG,81
Charlotte Bobcats,43,14.78,21.18,20.77,0.27,11.71,12.07,9.74,10,13.16,13.92,2012-2013,REG,82
Chicago Bulls,41.68,16.84,22.59,18.63,0.25,11.73,12.12,9.75,10.04,13.27,13.77,2012-2013,REG,82
Cleveland Cavaliers,42.5,15.82,18.77,22.74,0.17,11.89,12.13,10.18,9.9,13.19,14.16,2012-2013,REG,82
Dallas Mavericks,37.74,20.43,18.2,23.33,0.3,12.55,12.28,10.81,10.33,14.04,13.84,2012-2013,REG,82
Denver Nuggets,55.74,11.02,11.53,21.37,0.34,9.86,12.37,7.27,10.71,12.24,13.7,2012-2013,REG,82
Detroit Pistons,51.3,10.09,16.9,21.41,0.3,10.61,12.02,8.45,9.67,12.38,14.02,2012-2013,REG,82
Golden State Warriors,37.11,16.15,22.88,23.55,0.31,13,13.14,11.51,10.93,14.27,14.87,2012-2013,REG,82
Houston Rockets,47.18,7.34,10.56,34.74,0.18,12.3,12.71,9.84,10.65,14.41,14.43,2012-2013,REG,82
Indiana Pacers,42.18,15.53,17.8,24.13,0.37,12.23,12.32,10.11,10.76,13.88,13.45,2012-2013,REG,81
Los Angeles Clippers,42.63,11.38,19.5,26.32,0.17,12.53,12.82,10.07,10.87,14.78,14.37,2012-2013,REG,82
Los Angeles Lakers,42.37,11.6,15.74,29.99,0.3,12.84,12.39,10.56,10.24,14.76,14.18,2012-2013,REG,82
Memphis Grizzlies,45.59,16.87,20.96,16.38,0.19,11.04,12.26,9.38,10.01,12.36,13.99,2012-2013,REG,82
Miami Heat,38.83,13.55,19.15,28.3,0.17,12.72,12.33,10.52,10.24,14.89,13.97,2012-2013,REG,82
Milwaukee Bucks,43.65,14.88,18.26,23.08,0.13,11.72,10.97,9.83,8.99,13.18,12.63,2012-2013,REG,82
Minnesota Timberwolves,44.15,11.19,22.62,21.86,0.18,11.81,12.35,9.44,10.05,13.66,14.36,2012-2013,REG,82
New Orleans Hornets,46.29,13.84,17.5,22.11,0.26,11.59,11.78,9.77,9.83,13.08,13.51,2012-2013,REG,82
New York Knicks,35.73,10.09,18.7,34.98,0.49,14.15,12.6,12.1,10.25,15.82,14.59,2012-2013,REG,82
Oklahoma City Thunder,40.32,16.7,18.56,24.2,0.22,12.11,12.06,9.98,10.05,14.08,13.55,2012-2013,REG,82
Orlando Magic,41.85,15.3,20.6,22.15,0.12,12.09,12.42,9.83,10.33,13.93,14.23,2012-2013,REG,82
Philadelphia 76ers,38.47,17.84,22.85,20.67,0.17,12.25,12.19,10.43,10.16,13.71,13.89,2012-2013,REG,82
Phoenix Suns,40.03,15.25,23.68,20.79,0.25,12.25,11.45,10.06,9.68,13.98,13.02,2012-2013,REG,82
Portland Trailblazers,37.99,12.54,21.14,28.11,0.22,13.12,11.52,10.92,9.2,14.9,13.61,2012-2013,REG,82
Sacramento Kings,47.03,11.43,17.19,24.09,0.26,11.72,12.28,9.62,9.89,13.43,14.42,2012-2013,REG,82
San Antonio Spurs,43.75,13.56,16.27,26.19,0.22,11.98,11.91,9.93,10.25,13.88,13.22,2012-2013,REG,82
Toronto Raptors,37.76,15.41,21.94,24.74,0.15,13.03,11.76,10.76,9.63,14.86,13.57,2012-2013,REG,82
Utah Jazz,42.52,14.52,22.32,20.37,0.27,11.98,11.73,9.92,9.86,13.69,13.32,2012-2013,REG,82
Washington Wizards,37.66,18.44,21.58,22.12,0.21,12.6,12.76,10.79,10.64,13.99,14.42,2012-2013,REG,82
Atlanta Hawks,40.03,10.42,24.68,24.68,0.19,12.76,12.08,10.59,9.87,14.57,13.84,2011-2012,REG,66
Boston Celtics,36.28,17.72,26.58,19.31,0.12,12.41,11.52,10.7,9.17,13.87,13.22,2011-2012,REG,66
Charlotte Bobcats,38.84,13.43,30.87,16.59,0.26,12.3,10.89,10.04,8.72,13.9,12.86,2011-2012,REG,66
Chicago Bulls,40.93,14.61,24.02,20.12,0.31,12.1,11.92,10.24,10.01,13.64,13.32,2011-2012,REG,66
Cleveland Cavaliers,48.2,11.49,16.67,23.53,0.09,11.21,11.78,9.1,9.61,12.76,13.67,2011-2012,REG,66
Dallas Mavericks,36.34,19.15,17.43,26.85,0.23,12.9,12.55,10.83,10.29,14.55,14.29,2011-2012,REG,66
Denver Nuggets,53.16,10.11,12.49,23.84,0.41,10.53,12.84,7.92,11.11,12.9,14.3,2011-2012,REG,66
Detroit Pistons,46.79,14.09,21.62,17.2,0.31,10.92,11.94,9.04,9.65,12.39,13.9,2011-2012,REG,66
Golden State Warriors,39.48,12.13,23.55,24.6,0.24,12.89,12.01,11.23,10.11,14.29,13.59,2011-2012,REG,66
Houston Rockets,40.4,16.76,18.86,23.82,0.16,12.25,11.74,10.38,9.4,13.78,13.69,2011-2012,REG,66
Indiana Pacers,44.98,16.6,18.65,19.56,0.22,11.37,12.39,9.79,10.39,12.6,13.92,2011-2012,REG,66
Los Angeles Clippers,38.58,11.18,23.41,26.6,0.23,13.26,12.71,11.01,10.52,15.13,14.48,2011-2012,REG,66
Los Angeles Lakers,42.38,16.28,20.44,20.67,0.23,12.02,12.55,9.87,10.64,13.82,14.04,2011-2012,REG,66
Memphis Grizzlies,44.61,17.83,21.89,15.2,0.46,11.18,12.04,9.06,9.76,12.9,13.86,2011-2012,REG,66
Miami Heat,41.81,16.62,21.8,19.69,0.1,11.58,12.44,9.49,10.66,13.42,13.8,2011-2012,REG,66
Milwaukee Bucks,42.05,15.45,20.21,22.13,0.16,11.86,11.63,9.79,9.68,13.49,13.22,2011-2012,REG,66
Minnesota Timberwolves,43.42,11.84,18.57,26.01,0.17,12.17,12.1,9.88,9.85,13.92,13.98,2011-2012,REG,66
New Jersey Nets,35.81,15.71,20.64,27.67,0.17,13.3,11.86,11.51,9.76,14.62,13.75,2011-2012,REG,66
New Orleans Hornets,43.13,19.17,22.48,15.15,0.08,11.28,12.29,9.6,9.67,12.65,14.38,2011-2012,REG,66
New York Knicks,42.04,11.04,18.09,28.58,0.24,12.53,12.18,9.95,10.14,14.59,13.79,2011-2012,REG,66
Oklahoma City Thunder,41.17,16.12,17.48,25,0.23,12.1,11.47,9.9,9.5,14.07,12.94,2011-2012,REG,66
Orlando Magic,41.64,8.58,14.94,34.6,0.24,13.39,12.64,11.07,10.74,15.21,14.19,2011-2012,REG,65
Philadelphia 76ers,36.88,23.18,22.59,17.14,0.21,12.06,12.13,10.36,10.25,13.42,13.52,2011-2012,REG,65
Phoenix Suns,37.83,15.81,22.5,23.62,0.24,12.79,12.02,10.56,9.92,14.67,13.77,2011-2012,REG,66
Portland Trailblazers,40.89,12.02,21.58,25.2,0.31,12.51,12.03,10.43,9.92,14.17,13.85,2011-2012,REG,66
Sacramento Kings,49.34,10.79,17.12,22.45,0.3,11.26,11.81,8.83,9.49,13.12,13.92,2011-2012,REG,66
San Antonio Spurs,43.43,14.43,16.36,25.65,0.13,11.96,12.15,10.09,10.37,13.66,13.61,2011-2012,REG,66
Toronto Raptors,39.08,13.76,26.31,20.61,0.25,12.62,12.13,10.33,10.01,14.43,13.76,2011-2012,REG,66
Utah Jazz,47.19,16.97,20.53,15.01,0.29,10.71,12.01,8.37,9.91,12.67,13.75,2011-2012,REG,66
Washington Wizards,43.24,14.44,22.73,19.41,0.18,11.68,11.97,9.26,10,13.59,13.59,2011-2012,REG,66
Atlanta Hawks,36.76,13.69,27.36,21.98,0.2,13.03,12.33,11.16,10.21,14.64,14.14,2010-2011,REG,82
Boston Celtics,42.11,14.52,25.37,17.86,0.13,11.58,12.05,9.55,10.03,13.5,13.61,2010-2011,REG,82
Charlotte Bobcats,45.33,12.32,23.46,18.56,0.33,11.46,12.28,9.43,10.23,13.14,14,2010-2011,REG,82
Chicago Bulls,42.96,12.63,22.82,21.22,0.37,12.07,12.47,10,10.44,13.84,14,2010-2011,REG,82
Cleveland Cavaliers,43.51,13.77,20.29,22.27,0.17,11.85,12.15,9.87,10.43,13.37,13.7,2010-2011,REG,82
Dallas Mavericks,35.7,17.1,19.85,27.05,0.31,13.12,12.18,11.11,9.85,14.94,14.1,2010-2011,REG,82
Denver Nuggets,46.33,9.34,18.61,25.45,0.27,11.83,12.78,9.86,10.51,13.62,14.71,2010-2011,REG,82
Detroit Pistons,42.12,16.85,22.15,18.6,0.29,11.48,11.83,9.59,9.43,13.08,14.1,2010-2011,REG,82
Golden State Warriors,40.96,12.74,21.41,24.58,0.32,12.56,11.87,10.71,9.84,14.14,13.64,2010-2011,REG,82
Houston Rockets,41.92,13.93,17.75,26.14,0.26,12.4,11.54,10.46,9.63,14.01,13.22,2010-2011,REG,82
Indiana Pacers,39.15,15.18,21.32,24.14,0.21,12.7,12.37,10.78,10.63,14.22,13.79,2010-2011,REG,82
Los Angeles Clippers,47.77,10.92,18.42,22.58,0.31,11.57,12.54,9.04,10.4,13.71,14.32,2010-2011,REG,82
Los Angeles Lakers,42.08,16.08,19.91,21.56,0.37,12.22,12.67,9.96,10.63,14.17,14.25,2010-2011,REG,82
Memphis Grizzlies,50.52,15.5,20.36,13.2,0.41,10.27,12.38,8.2,10.31,12.12,14.12,2010-2011,REG,82
Miami Heat,36.11,13.62,26.72,23.34,0.21,13.22,12.31,11.12,10.45,15.16,13.73,2010-2011,REG,82
Milwaukee Bucks,39.71,16.05,22.63,21.43,0.18,12.29,12,10.53,9.95,13.62,13.65,2010-2011,REG,82
Minnesota Timberwolves,42.66,14.6,20.4,21.9,0.44,12.24,12.6,10.59,10.5,13.54,14.45,2010-2011,REG,82
New Jersey Nets,40.15,17.18,22.54,19.8,0.34,12.25,12.01,10.5,10.21,13.62,13.57,2010-2011,REG,82
New Orleans Hornets,39.45,17.67,23.68,18.89,0.31,12.27,12.76,10.7,10.45,13.61,14.71,2010-2011,REG,82
New York Knicks,40.13,11.68,17.88,30.1,0.21,13.05,11.39,10.94,9.7,14.83,12.91,2010-2011,REG,82
Oklahoma City Thunder,41.3,15.76,21.71,21.02,0.21,11.97,11.26,9.69,9.24,13.95,12.97,2010-2011,REG,82
Orlando Magic,38.06,12.75,16.41,32.41,0.37,13.58,13.04,11.25,11.12,15.58,14.53,2010-2011,REG,82
Philadelphia 76ers,39.05,21.16,21.28,18.27,0.24,11.95,11.97,10.06,9.96,13.56,13.61,2010-2011,REG,82
Phoenix Suns,38.31,15.3,19.26,26.88,0.25,12.89,12.41,10.66,10.42,14.87,14.18,2010-2011,REG,82
Portland Trailblazers,41.6,15.03,20.58,22.42,0.36,12.13,11.94,9.84,10.02,13.98,13.62,2010-2011,REG,82
Sacramento Kings,44.92,14.69,22.12,17.9,0.37,11.5,11.65,9.35,9.69,13.25,13.45,2010-2011,REG,82
San Antonio Spurs,41.43,15.8,16.74,25.9,0.14,12.17,12,10.37,10.28,13.79,13.44,2010-2011,REG,82
Toronto Raptors,44.5,14.86,24.49,15.88,0.27,11.3,11.35,9.16,9.18,13.16,13.36,2010-2011,REG,82
Utah Jazz,43.34,15.54,22.03,18.8,0.29,11.59,12.24,9.55,10.36,13.36,13.83,2010-2011,REG,82
Washington Wizards,41.58,16.58,24.67,16.97,0.2,11.7,11.81,9.6,9.67,13.38,13.71,2010-2011,REG,82
Atlanta Hawks,42.54,12.43,23.67,21.09,0.28,11.85,11.53,9.66,9.44,13.77,13.31,2009-2010,REG,82
Boston Celtics,44.56,14,18.63,22.57,0.24,11.47,12.08,9.23,10.06,13.57,13.73,2009-2010,REG,82
Charlotte Bobcats,48.1,10.53,20.27,20.76,0.33,10.73,12.12,8.43,9.78,12.64,14.02,2009-2010,REG,82
Chicago Bulls,40.09,14.33,29.97,15.43,0.18,11.5,12.29,9.64,10.21,13.04,13.93,2009-2010,REG,82
Cleveland Cavaliers,42.21,11.56,21.47,24.51,0.25,12.06,12.5,9.58,10.52,14.4,14.07,2009-2010,REG,82
Dallas Mavericks,36.72,18.34,22.85,21.85,0.24,12.33,12.16,10.67,10.02,13.78,13.97,2009-2010,REG,82
Denver Nuggets,42.68,12.85,21.74,22.46,0.27,11.7,11.99,9.4,9.72,13.72,13.89,2009-2010,REG,82
Detroit Pistons,39.83,19.2,22.95,17.77,0.24,11.46,12.13,9.38,10.03,13.12,14.07,2009-2010,REG,82
Golden State Warriors,38.07,12.53,25.61,23.5,0.28,12.86,11.51,10.73,9.42,14.73,13.48,2009-2010,REG,82
Houston Rockets,43.52,13.47,16.47,26.28,0.26,11.65,11.52,9.58,9.32,13.33,13.51,2009-2010,REG,82
Indiana Pacers,38.18,13.17,20.89,27.55,0.22,12.99,12.26,10.85,10.49,14.69,13.72,2009-2010,REG,82
Los Angeles Clippers,41.87,15.22,20.8,21.77,0.34,11.69,11.81,9.22,9.71,13.75,13.68,2009-2010,REG,82
Los Angeles Lakers,41.6,16.61,19.05,22.43,0.31,11.78,12.11,9.69,9.83,13.55,13.95,2009-2010,REG,82
Memphis Grizzlies,48.42,16.41,20.33,14.39,0.45,10.13,11.51,8.01,9.06,12.01,13.75,2009-2010,REG,82
Miami Heat,34.34,18.21,25.58,21.66,0.21,12.67,12.25,10.4,10.23,14.58,13.83,2009-2010,REG,82
Milwaukee Bucks,38.19,14.93,21.01,25.72,0.15,12.59,11.61,10.88,9.57,13.91,13.29,2009-2010,REG,82
Minnesota Timberwolves,42.11,19.98,20.82,16.69,0.39,11.07,12.31,8.94,9.88,12.8,14.55,2009-2010,REG,82
New Jersey Nets,42.58,16.62,22.67,17.92,0.22,11.03,10.94,8.9,8.87,12.63,12.84,2009-2010,REG,82
New Orleans Hornets,39.3,17.3,20.42,22.83,0.15,11.96,11.72,9.95,9.34,13.7,13.95,2009-2010,REG,82
New York Knicks,39.35,9.14,20.17,31.05,0.29,13.06,11.64,10.52,9.33,15.18,13.82,2009-2010,REG,82
Oklahoma City Thunder,42.57,16.61,22.27,18.45,0.11,11.11,10.95,8.99,8.66,12.93,12.79,2009-2010,REG,82
Orlando Magic,38.52,12.03,14.4,34.64,0.41,13.29,12.35,10.86,10.61,15.43,13.71,2009-2010,REG,82
Philadelphia 76ers,39.52,18.95,20.84,20.3,0.39,11.75,11.61,9.56,9.68,13.62,13.33,2009-2010,REG,82
Phoenix Suns,40.05,15.28,18.57,25.85,0.25,12.13,11.88,10.28,9.94,13.92,13.47,2009-2010,REG,82
Portland Trailblazers,35.55,17.45,25.49,21.04,0.46,12.52,11.77,10.34,9.37,14.39,13.86,2009-2010,REG,82
Sacramento Kings,45.1,12.9,21.96,19.8,0.25,11.21,11.39,9.11,9.22,12.97,13.29,2009-2010,REG,82
San Antonio Spurs,42.17,14.36,20.26,23.01,0.2,11.76,11.38,9.52,9.56,13.76,12.89,2009-2010,REG,82
Toronto Raptors,40.58,14.54,23.81,20.45,0.62,12.22,12,10.01,9.97,14.28,13.78,2009-2010,REG,82
Utah Jazz,47.53,12.11,22.01,18.14,0.21,10.57,12.02,8.36,9.71,12.71,13.9,2009-2010,REG,82
Washington Wizards,38.91,15.42,27.39,18.03,0.25,12.15,12.06,10.36,9.84,13.61,13.97,2009-2010,REG,82
Atlanta Hawks,38.22,14.58,21.93,24.96,0.31,12.84,12.4,10.62,10.22,14.72,14.21,2008-2009,REG,82
Boston Celtics,42.35,14.01,22.26,21.27,0.11,11.66,12.34,9.86,10.18,13.37,13.98,2008-2009,REG,82
Charlotte Bobcats,45.5,11.37,21.89,20.84,0.4,11.23,12.07,9.43,10.19,12.72,13.64,2008-2009,REG,82
Chicago Bulls,38.75,13.12,29.34,18.51,0.28,12.06,11.48,10.44,9.39,13.42,13.24,2008-2009,REG,82
Cleveland Cavaliers,34.91,13.09,26.17,25.66,0.17,13.32,12.02,11.35,9.83,15.05,13.69,2008-2009,REG,82
Dallas Mavericks,32.79,18.97,24.15,23.83,0.27,13,12.09,11.26,10.34,14.5,13.54,2008-2009,REG,82
Denver Nuggets,44.72,11.03,21.58,22.32,0.35,11.44,12.26,9.14,10.35,13.48,13.77,2008-2009,REG,82
Detroit Pistons,33.59,19.37,30.49,16.35,0.2,12.34,11.96,10.52,9.84,13.86,13.7,2008-2009,REG,82
Golden State Warriors,42.03,11.88,25.18,20.58,0.33,12.14,11.23,10.15,9.45,13.82,12.79,2008-2009,REG,82
Houston Rockets,41.9,16.12,16.58,24.93,0.46,11.96,12.09,10.15,10.34,13.47,13.48,2008-2009,REG,82
Indiana Pacers,39.82,13.49,22.37,24.07,0.25,12.46,12.69,10.7,10.95,13.93,14.16,2008-2009,REG,82
Los Angeles Clippers,42.39,13.22,21.78,22.11,0.51,11.89,11.49,9.72,9.54,13.6,13.24,2008-2009,REG,82
Los Angeles Lakers,42.33,16.38,19.6,21.45,0.23,11.52,12.08,9.49,9.79,13.35,13.93,2008-2009,REG,82
Memphis Grizzlies,44.84,14.98,22.69,17.26,0.22,11.02,12.04,9.42,9.74,12.35,14.1,2008-2009,REG,82
Miami Heat,35.73,15.06,24.77,24.06,0.38,12.88,11.9,10.78,10.04,14.65,13.44,2008-2009,REG,82
Milwaukee Bucks,38.55,16.41,24.18,20.7,0.16,12.05,12.13,10.29,10.08,13.46,13.86,2008-2009,REG,82
Minnesota Timberwolves,43.04,14.59,19.64,22.41,0.33,11.58,12.24,9.58,10.37,13.16,13.93,2008-2009,REG,82
New Jersey Nets,38.61,13.34,21.56,26.3,0.18,12.45,12.14,10.49,10.21,14.04,13.8,2008-2009,REG,82
New Orleans Hornets,36.03,18.65,21.36,23.81,0.14,12.43,12.65,10.48,10.45,14.08,14.47,2008-2009,REG,82
New York Knicks,41.59,10.9,15.41,31.76,0.34,12.5,11.78,10.31,9.67,14.25,13.72,2008-2009,REG,82
Oklahoma City Thunder,43.71,17.37,24.69,14.02,0.21,10.7,10.97,8.64,9.22,12.36,12.57,2008-2009,REG,82
Orlando Magic,36.74,14.34,15.51,33.21,0.2,13.21,12.38,11.09,10.67,14.99,13.68,2008-2009,REG,82
Philadelphia 76ers,45.6,17.61,20.38,16.08,0.34,10.44,12.01,8.16,9.99,12.37,13.74,2008-2009,REG,82
Phoenix Suns,47.19,15.49,15.79,21.2,0.33,10.61,12.76,8.41,10.99,12.85,14.31,2008-2009,REG,82
Portland Trailblazers,38.19,14.82,23.08,23.42,0.5,12.4,11.7,10.41,9.97,14.12,13.17,2008-2009,REG,82
Sacramento Kings,39.49,13.68,22.99,23.52,0.3,12.37,11.27,10.54,9.4,13.86,13.03,2008-2009,REG,82
San Antonio Spurs,36.37,13.96,25.42,24.01,0.24,12.97,11.85,11.31,10.56,14.43,12.94,2008-2009,REG,82
Toronto Raptors,33.45,17.83,29.45,19,0.27,12.72,12.46,11.14,10.35,14.05,14.3,2008-2009,REG,82
Utah Jazz,45.06,12.07,26.01,16.63,0.23,10.87,11.53,8.78,9.31,12.76,13.44,2008-2009,REG,82
Washington Wizards,42.81,14.95,24.27,17.82,0.15,11.45,12.58,9.34,10.55,13.18,14.47,2008-2009,REG,82
Atlanta Hawks,43.25,14.27,26.08,16.04,0.35,11.17,11.54,9.05,9.5,12.94,13.3,2007-2008,REG,82
Boston Celtics,41,13.09,21.01,24.61,0.29,12.24,12.91,10.45,10.52,13.86,14.64,2007-2008,REG,82
Charlotte Bobcats,41.75,13.37,22.89,21.85,0.15,11.69,11.67,9.74,9.47,13.31,13.59,2007-2008,REG,82
Chicago Bulls,37.25,15.6,28.16,18.74,0.25,12.21,12.49,10.78,10.81,13.32,13.88,2007-2008,REG,82
Cleveland Cavaliers,38.83,14.33,23.81,22.84,0.2,12.28,12.08,10.07,10.2,13.99,13.65,2007-2008,REG,82
Dallas Mavericks,33.36,20.65,24.38,21.22,0.39,12.72,11.64,10.96,9.66,14.24,13.22,2007-2008,REG,82
Denver Nuggets,43.14,13.27,20.82,22.26,0.51,11.55,12.34,9.15,10.37,13.68,14,2007-2008,REG,82
Detroit Pistons,31.49,18.7,29.52,20.04,0.24,13.12,12.13,11.34,10.03,14.63,13.77,2007-2008,REG,82
Golden State Warriors,44.52,8.93,17.22,28.97,0.36,12.31,11.82,9.72,9.84,14.52,13.55,2007-2008,REG,82
Houston Rockets,39.38,14.54,20.63,25.19,0.25,12.32,12.03,10.15,10.49,14.08,13.2,2007-2008,REG,82
Indiana Pacers,35.15,14.37,21.64,28.54,0.3,13.54,12.71,11.59,11.21,15.1,13.96,2007-2008,REG,82
Los Angeles Clippers,34.77,19.4,29.06,16.5,0.27,12.48,11.53,10.53,9.41,14,13.37,2007-2008,REG,82
Los Angeles Lakers,40.89,12.13,21.3,25.45,0.23,12.25,11.9,10.08,10.07,14.22,13.37,2007-2008,REG,82
Memphis Grizzlies,42.66,13.2,17.74,25.87,0.53,12.1,12.26,9.71,10.01,14.08,14.33,2007-2008,REG,82
Miami Heat,34.88,14.03,29.45,21.35,0.28,12.99,12.45,10.97,10.35,14.59,14.3,2007-2008,REG,82
Milwaukee Bucks,43.85,15.76,20.99,19.18,0.21,11.22,11.87,9.54,9.91,12.59,13.67,2007-2008,REG,82
Minnesota Timberwolves,43.68,17.28,20.66,17.91,0.47,11.24,12.4,9.29,10.17,12.83,14.4,2007-2008,REG,82
New Jersey Nets,41.01,11.22,25.58,21.74,0.45,12.06,12.2,10.07,10.46,13.65,13.66,2007-2008,REG,82
New Orleans Hornets,37.49,15.95,22.73,23.66,0.16,12.39,12.57,10.62,10.29,13.93,14.51,2007-2008,REG,82
New York Knicks,45.26,13.7,19.49,21.2,0.36,11.19,12.41,9.25,10.29,12.7,14.32,2007-2008,REG,82
Seattle SuperSonics,40,19.01,27.66,13.25,0.09,11.28,11.66,9.61,9.95,12.62,13.13,2007-2008,REG,82
Orlando Magic,41.13,13.56,13.17,31.83,0.31,12.42,12.62,10.2,10.74,14.43,14.14,2007-2008,REG,82
Philadelphia 76ers,43.73,19.32,22.6,13.86,0.5,10.6,11.68,8.23,9.67,12.61,13.41,2007-2008,REG,82
Phoenix Suns,38.28,14.58,21.22,25.81,0.12,12.36,11.63,10.27,9.85,14.46,13.12,2007-2008,REG,82
Portland Trailblazers,30.19,16.87,31.19,21.21,0.55,13.75,11.98,12.13,9.87,15.06,13.72,2007-2008,REG,82
Sacramento Kings,42.06,13.19,23.91,20.68,0.17,11.68,12.27,9.9,10.14,13.21,14.12,2007-2008,REG,82
San Antonio Spurs,36.41,15.78,22.99,24.62,0.21,12.82,12.2,10.94,10.34,14.41,13.68,2007-2008,REG,82
Toronto Raptors,32.7,14.2,31.42,21.38,0.3,13.19,12.7,11.54,10.59,14.64,14.48,2007-2008,REG,82
Utah Jazz,44.86,12.39,26.33,16.12,0.29,10.89,12.06,8.79,9.79,12.96,13.99,2007-2008,REG,82
Washington Wizards,39.24,13.64,23.05,23.91,0.16,12.59,12.88,10.4,10.87,14.36,14.61,2007-2008,REG,82
Atlanta Hawks,42.67,11.66,29.43,16.07,0.17,11.36,10.83,9.38,9.03,12.95,12.41,2006-2007,REG,82
Boston Celtics,43.43,13.67,23.04,19.57,0.29,11.61,11.27,9.87,9.3,13,13.01,2006-2007,REG,82
Charlotte Bobcats,42.98,12.86,24.96,19,0.21,11.41,11,9.64,9.03,12.83,12.72,2006-2007,REG,82
Chicago Bulls,36.92,15.04,29.51,18.27,0.27,12.32,12.17,10.97,10.32,13.45,13.59,2006-2007,REG,82
Cleveland Cavaliers,41.46,16.05,21.46,20.78,0.24,11.65,11.7,9.46,9.47,13.42,13.52,2006-2007,REG,82
Dallas Mavericks,34.28,19.37,24.62,21.44,0.29,12.62,11.38,11.04,9.62,14.01,12.81,2006-2007,REG,82
Denver Nuggets,45.17,12.3,21.41,20.81,0.31,11.12,11.8,8.52,9.55,13.39,13.71,2006-2007,REG,82
Detroit Pistons,36.17,22.1,21.62,19.9,0.22,11.99,11.41,10.15,9.46,13.52,12.97,2006-2007,REG,82
Golden State Warriors,45.4,9.49,17.21,27.62,0.27,11.93,11.95,9.47,9.86,14.05,13.75,2006-2007,REG,82
Houston Rockets,37.64,14.86,18.55,28.81,0.14,12.85,12.65,11.11,11.05,14.25,13.85,2006-2007,REG,82
Indiana Pacers,38.59,18.85,21.33,20.92,0.31,12.14,11.5,10.31,9.93,13.57,12.82,2006-2007,REG,82
Los Angeles Clippers,35.94,24.28,25.45,14.02,0.3,11.82,11.63,9.96,9.65,13.38,13.26,2006-2007,REG,82
Los Angeles Lakers,42.04,12.38,19.68,25.58,0.32,12.09,11.39,9.87,9.3,14.03,13.17,2006-2007,REG,82
Memphis Grizzlies,45.26,13.17,20.62,20.6,0.35,11.38,11.55,9.42,9.58,13.08,13.41,2006-2007,REG,82
Miami Heat,41.48,12.99,21.15,24.11,0.27,12.07,12.59,9.62,10.72,14.19,14.08,2006-2007,REG,82
Milwaukee Bucks,46.22,13.61,18.29,21.73,0.15,11.05,11.87,8.93,9.49,12.89,14.06,2006-2007,REG,82
Minnesota Timberwolves,35.9,16.93,30.45,16.24,0.48,12.41,12.05,10.63,9.78,13.94,13.98,2006-2007,REG,82
New Jersey Nets,39.93,9.86,23.98,26.02,0.2,12.49,12.48,10.49,10.53,14.17,14.06,2006-2007,REG,82
New Orleans Hornets,44.2,15.4,21.61,18.65,0.13,11.14,12.24,9.23,10.29,12.67,13.89,2006-2007,REG,82
New York Knicks,50.13,10.29,18.08,21.18,0.33,10.52,12.34,8.11,10.47,12.54,13.94,2006-2007,REG,82
Orlando Magic,46.95,14.88,22.49,15.55,0.13,10.4,12.27,8.19,10.4,12.37,13.74,2006-2007,REG,82
Philadelphia 76ers,40.39,20.63,26.15,12.52,0.31,11.02,11.73,9.04,9.55,12.69,13.6,2006-2007,REG,82
Phoenix Suns,37.6,13.67,20.11,28.39,0.24,12.75,12.11,10.41,10.04,15.02,13.85,2006-2007,REG,82
Portland Trailblazers,42.48,12.85,25.36,18.82,0.5,11.81,11.24,9.88,9.17,13.39,13.1,2006-2007,REG,82
Sacramento Kings,40.19,11.11,25.54,23.03,0.14,12.33,12.19,10.36,10.02,13.95,14.13,2006-2007,REG,82
San Antonio Spurs,40.81,14.32,20.49,24.22,0.16,12.19,11.14,10.09,9.51,14.08,12.43,2006-2007,REG,82
Seattle SuperSonics,42.92,18.13,17.04,21.66,0.26,11.47,11.67,9.48,9.29,13.17,13.82,2006-2007,REG,82
Toronto Raptors,35.02,15.3,27.33,22.1,0.24,12.78,12.15,10.93,10.02,14.38,13.99,2006-2007,REG,82
Utah Jazz,43.95,14,25.76,16.06,0.23,11.03,12.12,9.02,9.82,12.84,14.04,2006-2007,REG,82
Washington Wizards,39.1,10.31,26.88,23.48,0.22,12.76,12.12,10.6,10.14,14.53,13.89,2006-2007,REG,82
Atlanta Hawks,45.15,14.04,23.03,17.53,0.25,11,10.76,9.27,8.87,12.43,12.5,2005-2006,REG,82
Boston Celtics,43.57,13.33,22.71,20.11,0.29,11.55,11.43,9.76,9.55,13.12,12.99,2005-2006,REG,82
Charlotte Bobcats,41.58,13.93,26.09,18.05,0.34,11.56,11.13,9.48,9.07,13.15,13.02,2005-2006,REG,82
Chicago Bulls,37.01,14.1,26.97,21.64,0.28,12.65,12.81,11.12,10.94,13.88,14.2,2005-2006,REG,82
Cleveland Cavaliers,43.89,13.55,19.71,22.57,0.28,11.49,12.01,9.15,10.27,13.44,13.46,2005-2006,REG,82
Dallas Mavericks,38.6,22.13,21.8,17.1,0.36,11.49,11.53,10.16,9.89,12.63,12.83,2005-2006,REG,82
Denver Nuggets,43.23,12.66,28,15.77,0.34,11.06,12.07,8.78,9.94,13.02,13.84,2005-2006,REG,82
Detroit Pistons,32.36,20.65,24.84,22.06,0.09,12.82,11.01,11.09,8.98,14.26,12.68,2005-2006,REG,82
Golden State Warriors,41.3,10.57,21.19,26.72,0.22,12.67,11.95,10.39,9.78,14.42,13.78,2005-2006,REG,82
Houston Rockets,38.66,16.28,22.52,22.36,0.18,12.23,13.07,10.22,11.47,13.77,14.28,2005-2006,REG,82
Indiana Pacers,38.57,17.11,19.84,24.21,0.27,12.44,11.31,10.37,9.71,14.09,12.55,2005-2006,REG,82
Los Angeles Clippers,37.09,25.74,24.2,12.7,0.27,11.49,11.56,9.89,9.74,12.88,12.96,2005-2006,REG,82
Los Angeles Lakers,39.34,13.85,22.84,23.7,0.27,12.45,11.81,10.28,9.79,14.24,13.46,2005-2006,REG,82
Memphis Grizzlies,44.62,11.87,17.8,25.53,0.18,11.66,11.53,9.7,9.54,13.25,13.06,2005-2006,REG,82
Miami Heat,46.51,13.17,17.69,22.31,0.31,11.04,12.36,8.45,10.65,13.41,13.7,2005-2006,REG,82
Milwaukee Bucks,44.87,15.63,19.19,20.26,0.06,11.07,11.77,9.49,9.55,12.37,13.71,2005-2006,REG,82
Minnesota Timberwolves,37.22,17.56,30.41,14.46,0.35,12.08,11.18,10.13,9.29,13.72,12.66,2005-2006,REG,82
New Jersey Nets,38.55,12.93,25.71,22.49,0.32,12.53,12.18,10.69,10.31,13.98,13.65,2005-2006,REG,82
New Orleans Hornets,43.12,16.43,26.68,13.6,0.17,10.85,12.36,9.26,10.37,12.1,14.04,2005-2006,REG,82
New York Knicks,50.23,15.06,20.61,13.78,0.31,9.74,12.51,7.99,10.38,11.2,14.38,2005-2006,REG,82
Seattle SuperSonics,41.07,16.23,18.43,23.92,0.36,12.15,11.78,10.32,9.73,13.69,13.72,2005-2006,REG,82
Orlando Magic,45.18,16.08,25.81,12.72,0.21,10.56,11.91,8.96,9.92,11.99,13.57,2005-2006,REG,82
Philadelphia 76ers,43.37,18.9,22.03,15.54,0.17,10.71,11.65,8.97,9.65,12.18,13.36,2005-2006,REG,82
Phoenix Suns,30.78,13.8,26.17,29.06,0.18,14.01,12.29,12.03,10.41,15.82,13.86,2005-2006,REG,82
Portland Trailblazers,42.64,12.57,28.25,16.2,0.34,11.55,11.56,9.62,10.01,13.1,12.92,2005-2006,REG,82
Sacramento Kings,37.52,9.37,31.38,21.51,0.22,12.9,11.99,10.64,9.94,14.78,13.7,2005-2006,REG,82
San Antonio Spurs,44.07,15.04,19.49,21.22,0.17,11.42,10.48,9.45,8.88,13.19,11.71,2005-2006,REG,82
Toronto Raptors,36.99,17.25,21.42,24.08,0.26,12.49,11.5,10.88,9.47,13.83,13.46,2005-2006,REG,82
Utah Jazz,42.11,13.31,29.76,14.61,0.21,11.34,12.23,9.33,10.61,12.94,13.55,2005-2006,REG,82
Washington Wizards,42.02,12.33,24.73,20.73,0.18,12.15,11.94,10.04,9.89,13.86,13.72,2005-2006,REG,82
Atlanta Hawks,48.5,16.55,20.37,14.24,0.34,10.05,11.09,8.15,9.32,11.54,12.71,2004-2005,REG,82
Boston Celtics,45.56,13.99,21.24,18.95,0.25,10.96,11.63,9,9.63,12.69,13.23,2004-2005,REG,82
Charlotte Bobcats,38.97,18.84,29.39,12.67,0.13,11.38,11.05,9.87,9.25,12.52,12.6,2004-2005,REG,82
Chicago Bulls,39.49,17.4,21.44,21.51,0.17,11.94,12.31,10.28,10.49,13.2,13.64,2004-2005,REG,82
Cleveland Cavaliers,43.19,20.01,23.25,13.43,0.12,10.74,11.24,8.81,9.75,12.31,12.46,2004-2005,REG,82
Dallas Mavericks,38.39,18.29,24.18,18.8,0.33,11.92,11.52,10.15,9.41,13.42,13.17,2004-2005,REG,82
Denver Nuggets,43.93,14.48,27.39,13.85,0.35,10.77,11.92,8.36,9.79,12.82,13.64,2004-2005,REG,82
Detroit Pistons,39.92,22.33,21.49,16.1,0.16,11.08,11.8,9.28,9.93,12.51,13.21,2004-2005,REG,82
Golden State Warriors,38.41,11.62,24.75,25.06,0.16,12.92,11.44,10.93,9.66,14.42,12.95,2004-2005,REG,82
Houston Rockets,34.91,15.84,25.61,23.4,0.23,13.04,12.78,11.25,11.07,14.46,14.04,2004-2005,REG,82
Indiana Pacers,37.11,17.55,19.95,25.2,0.2,12.72,11.53,10.74,10.03,14.22,12.71,2004-2005,REG,82
Los Angeles Clippers,40.56,19.96,28.97,10.22,0.28,11.05,11.63,9.34,9.96,12.51,12.97,2004-2005,REG,82
Los Angeles Lakers,41.82,12.05,18.83,26.79,0.51,12.35,12.25,10.26,10.43,13.97,13.77,2004-2005,REG,82
Memphis Grizzlies,47.23,11.5,17.6,23.36,0.3,11.09,11.64,9.09,10.05,12.7,12.85,2004-2005,REG,82
Miami Heat,43.18,15.2,21.88,19.58,0.16,11.14,12.33,9.09,10.81,13.09,13.47,2004-2005,REG,82
Milwaukee Bucks,42.43,21.16,22.37,13.88,0.17,10.72,11.55,9.28,9.3,11.9,13.5,2004-2005,REG,82
Minnesota Timberwolves,32.01,22.3,28.44,17,0.24,12.79,11.59,11.18,9.79,14.16,12.99,2004-2005,REG,82
New Jersey Nets,36.43,15.11,29.8,18.39,0.27,12.53,12.37,11.1,10.95,13.61,13.48,2004-2005,REG,82
New Orleans Hornets,36.79,15.43,27.74,19.87,0.17,12.25,12.13,10.42,10.14,13.55,13.78,2004-2005,REG,82
New York Knicks,40.07,16.09,25.11,18.38,0.35,11.76,11.49,10,9.55,13.2,13.18,2004-2005,REG,82
Seattle SuperSonics,40.12,15.34,16.5,27.73,0.31,12.49,11.67,10.5,9.48,14.08,13.52,2004-2005,REG,82
Orlando Magic,40.14,18.61,27.61,13.51,0.14,11.24,11.48,9.44,9.6,12.74,13.03,2004-2005,REG,82
Philadelphia 76ers,41.32,15.89,21.26,21.39,0.14,11.65,12.6,9.66,10.59,13.2,14.2,2004-2005,REG,82
Phoenix Suns,37.08,16.81,17.28,28.44,0.38,12.61,12.02,10.54,9.9,14.5,13.71,2004-2005,REG,82
Portland Trailblazers,45.99,14.54,21.48,17.77,0.22,10.81,11.2,8.78,9.34,12.48,12.71,2004-2005,REG,82
Sacramento Kings,35.32,10.96,33.66,19.88,0.17,13.04,11.63,11.23,9.49,14.58,13.45,2004-2005,REG,82
San Antonio Spurs,44.91,16.25,17.35,21.29,0.2,11.19,10.69,9.16,9.28,12.87,11.73,2004-2005,REG,82
Toronto Raptors,37.44,16.7,20.71,24.86,0.29,12.51,11.26,11.02,9.41,13.7,12.89,2004-2005,REG,82
Utah Jazz,40.25,16.46,31.47,11.54,0.29,11.29,12.41,9.44,10.26,12.79,14.23,2004-2005,REG,82
Washington Wizards,41.88,15.46,20.64,21.77,0.25,12.07,12.06,9.99,10,13.69,13.82,2004-2005,REG,82
Atlanta Hawks,42.17,9.42,10.72,37.69,0,12.9,13.49,10.05,11.91,15.06,14.6,2015-2016,POFF,10
Boston Celtics,41.34,9.87,13.59,35.01,0.19,12.86,12.77,9.8,9.71,14.76,15.02,2015-2016,POFF,6
Charlotte Hornets,48.13,15.1,13.68,22.91,0.18,11.01,12.48,9.04,10.45,12.3,14.24,2015-2016,POFF,7
Cleveland Cavaliers,39.25,11.94,11.21,37.29,0.31,13.49,13.76,11.67,11.38,15.12,15.64,2015-2016,POFF,21
Dallas Mavericks,41.63,16.26,16.01,25.62,0.49,12.12,12.83,9.68,10.62,14,14.82,2015-2016,POFF,5
Detroit Pistons,44.19,15.61,9.3,30.56,0.33,12.14,14.44,9.93,13.01,14.17,15.67,2015-2016,POFF,4
Golden State Warriors,37.39,16.04,8.6,37.49,0.48,13.83,12.79,11.86,10.69,15.46,14.39,2015-2016,POFF,23
Houston Rockets,43.69,15.19,7.94,32.48,0.7,12.64,13.76,10.03,11.43,14.29,15.94,2015-2016,POFF,5
Indiana Pacers,40.46,12.98,18.13,28.24,0.19,12.69,12.78,11.5,10.35,13.63,14.35,2015-2016,POFF,7
Los Angeles Clippers,37.94,19.37,20.36,22.13,0.2,12.71,13.26,9.95,11.09,14.87,14.78,2015-2016,POFF,6
Memphis Grizzlies,47.69,10.77,21.85,19.08,0.62,11.19,12.55,9.77,10.93,12.12,14.08,2015-2016,POFF,4
Miami Heat,39.31,20.14,16.77,23.34,0.44,12.19,11.72,9.96,9.64,14.07,13.19,2015-2016,POFF,14
Oklahoma City Thunder,40.01,15.85,14.73,29.19,0.21,12.37,12.16,10.09,10.3,14.29,13.66,2015-2016,POFF,17
Portland Trailblazers,37.37,14.07,13.86,34.5,0.21,13.73,13.11,12.26,10.76,14.79,15.09,2015-2016,POFF,11
San Antonio Spurs,40.78,20.15,15.78,22.82,0.49,11.83,11.68,10.34,9.73,13.16,13.14,2015-2016,POFF,10
Toronto Raptors,38.39,15.54,17.81,28.13,0.12,12.96,12.69,10.47,10.58,14.78,14.49,2015-2016,POFF,20
Atlanta Hawks,44.67,10.35,11.19,33.69,0.11,12.66,12.94,9.84,10.68,14.86,14.68,2014-2015,POFF,16
Brooklyn Nets,38.88,15.43,16.83,28.26,0.6,13.07,13.11,10.95,10.54,14.71,15.14,2014-2015,POFF,6
Boston Celtics,44.71,14.5,14.8,25.98,0,11.91,13.98,8.97,11.36,14.03,16.02,2014-2015,POFF,4
Chicago Bulls,42.89,12.74,15.02,28.66,0.7,12.63,12.36,10.91,10.57,13.87,13.59,2014-2015,POFF,12
Cleveland Cavaliers,39.56,13.12,12.65,34.47,0.2,13.35,12.66,10.78,10.36,15.19,14.31,2014-2015,POFF,20
Dallas Mavericks,42.17,16.3,15,25.87,0.65,12.11,10.92,9.44,7.98,14.32,13.49,2014-2015,POFF,5
Golden State Warriors,39.4,12.55,11.81,35.95,0.28,13.5,12.08,11.29,9.95,15.33,13.61,2014-2015,POFF,21
Houston Rockets,49.19,9.32,8.47,32.82,0.21,11.87,12.77,9.05,9.93,14.17,15.19,2014-2015,POFF,17
Los Angeles Clippers,40.24,12.09,17.92,29.42,0.34,13.1,12.72,10.3,10.33,15.55,14.64,2014-2015,POFF,14
Memphis Grizzlies,44.65,20.43,18.27,16.43,0.22,11.08,13.71,9.62,11.71,12.17,15.25,2014-2015,POFF,11
Milwaukee Bucks,43.1,15.5,20.79,20.42,0.19,11.66,13.19,10,11.4,12.71,14.57,2014-2015,POFF,6
New Orleans Pelicans,40.83,16.86,17.16,25.15,0,12.49,13.45,10.88,10.94,13.81,15.48,2014-2015,POFF,4
Portland Trailblazers,39.23,13.64,15.79,31.34,0,13.08,11.06,11.08,9.51,14.41,12.27,2014-2015,POFF,5
San Antonio Spurs,41.01,16.64,11.93,30.25,0.17,12.69,12.73,10.87,10.46,14.17,14.73,2014-2015,POFF,7
Toronto Raptors,43.34,13.31,15.01,27.76,0.57,12.68,12.91,9.96,10.75,14.62,14.92,2014-2015,POFF,4
Washington Wizards,42.12,13.7,15.24,28.94,0,12.68,12.25,10.6,9.58,14.43,14.26,2014-2015,POFF,10
Atlanta Hawks,34.66,10.16,13.43,41.56,0.18,14.96,12.91,13.25,10.64,16.02,14.76,2013-2014,POFF,7
Brooklyn Nets,38.62,17.43,13.76,30.08,0.11,12.98,13.02,10.62,10.34,15.02,15.33,2013-2014,POFF,12
Charlotte Bobcats,42.19,14.62,14.95,28.24,0,12.13,12.81,10.79,10.42,13.22,14.99,2013-2014,POFF,4
Chicago Bulls,41.73,10.94,22.9,24.43,0,12.46,12.79,10.49,10.83,13.89,14.33,2013-2014,POFF,5
Dallas Mavericks,33.61,17.96,22.57,25.21,0.66,13.43,11.84,11.55,9.7,14.99,13.95,2013-2014,POFF,7
Golden State Warriors,46.39,11.34,10.65,31.1,0.52,12.39,13.77,10.03,11.83,14.41,15.51,2013-2014,POFF,7
Houston Rockets,56.73,8.18,7.09,27.27,0.73,10.44,13.34,8.37,11.03,12.1,15.25,2013-2014,POFF,6
Indiana Pacers,38.49,16.03,19.63,25.49,0.35,12.86,13.86,10.92,11.64,14.45,15.56,2013-2014,POFF,19
Los Angeles Clippers,39.04,11,19.84,29.85,0.27,13.53,12.51,11.48,10.13,15.28,14.6,2013-2014,POFF,13
Memphis Grizzlies,51.22,15.56,15.88,16.86,0.49,10.36,13.16,8.18,10.51,11.92,15.19,2013-2014,POFF,7
Miami Heat,37.28,12.68,17.46,32.36,0.21,13.28,12.73,10.81,11.15,15.65,14.19,2013-2014,POFF,20
Oklahoma City Thunder,37.44,17.68,16.32,28.11,0.45,12.93,11.84,10.29,9.71,15.09,13.53,2013-2014,POFF,19
Portland Trailblazers,39.59,16.48,17.93,25.7,0.31,12.51,11.54,10.36,9.84,14.18,13.01,2013-2014,POFF,11
San Antonio Spurs,41.11,14.29,17.95,26.49,0.16,12.33,12.69,10.49,10.52,14.11,14.43,2013-2014,POFF,23
Toronto Raptors,43.74,12.52,15.41,27.94,0.39,12.46,12.85,9.77,9.77,14.59,15.48,2013-2014,POFF,7
Washington Wizards,38.65,15.05,25.2,20.75,0.34,12.73,12.65,10.71,10.94,14.26,13.93,2013-2014,POFF,11
Atlanta Hawks,34.66,10.16,13.43,41.56,0.18,14.96,12.91,13.25,10.64,16.02,14.76,2013-2014,POFF,7
Brooklyn Nets,38.62,17.43,13.76,30.08,0.11,12.98,13.02,10.62,10.34,15.02,15.33,2013-2014,POFF,12
Charlotte Bobcats,42.19,14.62,14.95,28.24,0,12.13,12.81,10.79,10.42,13.22,14.99,2013-2014,POFF,4
Chicago Bulls,41.73,10.94,22.9,24.43,0,12.46,12.79,10.49,10.83,13.89,14.33,2013-2014,POFF,5
Dallas Mavericks,33.61,17.96,22.57,25.21,0.66,13.43,11.84,11.55,9.7,14.99,13.95,2013-2014,POFF,7
Golden State Warriors,46.39,11.34,10.65,31.1,0.52,12.39,13.77,10.03,11.83,14.41,15.51,2013-2014,POFF,7
Houston Rockets,56.73,8.18,7.09,27.27,0.73,10.44,13.34,8.37,11.03,12.1,15.25,2013-2014,POFF,6
Indiana Pacers,38.49,16.03,19.63,25.49,0.35,12.86,13.86,10.92,11.64,14.45,15.56,2013-2014,POFF,19
Los Angeles Clippers,39.04,11,19.84,29.85,0.27,13.53,12.51,11.48,10.13,15.28,14.6,2013-2014,POFF,13
Memphis Grizzlies,51.22,15.56,15.88,16.86,0.49,10.36,13.16,8.18,10.51,11.92,15.19,2013-2014,POFF,7
Miami Heat,37.28,12.68,17.46,32.36,0.21,13.28,12.73,10.81,11.15,15.65,14.19,2013-2014,POFF,20
Oklahoma City Thunder,37.44,17.68,16.32,28.11,0.45,12.93,11.84,10.29,9.71,15.09,13.53,2013-2014,POFF,19
Portland Trailblazers,39.59,16.48,17.93,25.7,0.31,12.51,11.54,10.36,9.84,14.18,13.01,2013-2014,POFF,11
San Antonio Spurs,41.11,14.29,17.95,26.49,0.16,12.33,12.69,10.49,10.52,14.11,14.43,2013-2014,POFF,23
Toronto Raptors,43.74,12.52,15.41,27.94,0.39,12.46,12.85,9.77,9.77,14.59,15.48,2013-2014,POFF,7
Washington Wizards,38.65,15.05,25.2,20.75,0.34,12.73,12.65,10.71,10.94,14.26,13.93,2013-2014,POFF,11
Atlanta Hawks,39.18,11.69,25.32,23.59,0.22,12.88,12.44,10.66,9.4,14.52,14.6,2012-2013,POFF,6
Brooklyn Nets,41.64,14.68,20.48,23.21,0,12,11.78,9.55,10.29,13.95,13.1,2012-2013,POFF,7
Boston Celtics,35.75,13.77,20.53,29.71,0.24,13.55,13.75,11.59,11.63,14.93,15.23,2012-2013,POFF,6
Chicago Bulls,39.21,17.41,22.11,20.96,0.31,12.32,12.41,10.51,9.93,13.73,14.51,2012-2013,POFF,12
Denver Nuggets,45.97,14.73,12.77,25.93,0.59,11.77,13.51,9.21,11.57,13.77,15.41,2012-2013,POFF,6
Golden State Warriors,36.23,18.36,18.95,26.16,0.3,13.11,12.38,11.45,10.11,14.54,14.16,2012-2013,POFF,12
Houston Rockets,43.83,7.41,7.2,40.95,0.62,13.38,13.74,10.5,11.38,15.5,15.66,2012-2013,POFF,6
Indiana Pacers,43.6,15.15,15.5,25.34,0.42,12,12.56,9.45,10.7,13.96,13.94,2012-2013,POFF,19
Los Angeles Clippers,43.14,15.27,16.15,25.22,0.22,12.2,11.08,9.52,8.67,14.55,13.12,2012-2013,POFF,6
Los Angeles Lakers,39.74,19.55,16.99,23.08,0.64,12.56,12.06,8.95,10.4,15.43,13.66,2012-2013,POFF,4
Memphis Grizzlies,43.83,16.11,21.91,17.83,0.33,11.49,12.4,9.63,9.78,12.83,14.54,2012-2013,POFF,15
Miami Heat,39.1,14.59,19.92,26.28,0.11,12.39,11.77,10.13,9.8,14.39,13.29,2012-2013,POFF,23
Milwaukee Bucks,43.97,10.75,15.31,29.64,0.33,12.28,11.52,9.37,7.99,14.51,15.01,2012-2013,POFF,4
New York Knicks,36.73,13.79,20.68,28.5,0.31,13.38,13.25,11.68,10.64,14.57,15.13,2012-2013,POFF,12
Oklahoma City Thunder,34.74,18.93,16.04,29.62,0.67,13.31,12.84,10.93,10.27,15.08,14.66,2012-2013,POFF,11
San Antonio Spurs,40.12,17.86,16.75,25.16,0.12,12.16,12.47,10.25,10.78,13.81,13.75,2012-2013,POFF,21
Atlanta Hawks,40.97,12.18,23.11,23.53,0.21,12.47,12.79,9.79,11.06,14.27,14.11,2011-2012,POFF,6
Boston Celtics,37.14,16.59,25.15,21.13,0,12.36,12.32,10.13,9.77,14.1,14.22,2011-2012,POFF,20
Chicago Bulls,35.95,20.66,27.69,14.88,0.83,12.7,12.33,11.36,10.45,13.68,13.62,2011-2012,POFF,6
Dallas Mavericks,40.38,21.15,10.9,27.56,0,11.91,12.99,10.57,11.16,12.82,14.6,2011-2012,POFF,4
Denver Nuggets,52,12.16,14.56,20.64,0.64,10.76,11.77,8.12,9.71,12.76,13.29,2011-2012,POFF,7
Indiana Pacers,40.39,20.14,16.93,22.54,0,11.8,12.59,9.66,10.66,13.39,14.04,2011-2012,POFF,11
Los Angeles Clippers,42.65,13.9,20.59,22.59,0.27,12.24,11.31,10.62,9.48,13.6,12.84,2011-2012,POFF,11
Los Angeles Lakers,45.19,16.63,17.43,20.64,0.1,11.35,11.06,9.09,8.72,13.01,12.92,2011-2012,POFF,12
Memphis Grizzlies,45.69,17.79,20.97,15.54,0,11.07,12.37,9.18,10.3,12.49,14.07,2011-2012,POFF,7
Miami Heat,38.36,18.52,17.27,25.79,0.06,12.33,11.92,9.88,9.72,14.41,13.59,2011-2012,POFF,23
New York Knicks,41.14,13.62,20.44,23.98,0.82,12.48,13.19,10.07,10.83,14.21,15.17,2011-2012,POFF,5
Oklahoma City Thunder,39.59,18.64,17.82,23.76,0.19,11.97,11.66,10.28,9.67,13.44,13.23,2011-2012,POFF,20
Orlando Magic,33.93,10.28,24.16,31.36,0.26,14.22,11.84,12.63,9.34,15.28,13.85,2011-2012,POFF,5
Philadelphia 76ers,38.03,22.56,22.56,16.55,0.3,11.78,12.7,9.88,10.76,13.12,14.17,2011-2012,POFF,13
San Antonio Spurs,44.75,13.91,12.65,28.6,0.1,11.79,11.56,9.9,10.39,13.55,12.49,2011-2012,POFF,14
Utah Jazz,42.57,20.7,23.62,12.54,0.58,11.02,10.99,9.05,8.97,12.24,12.86,2011-2012,POFF,4
Atlanta Hawks,35.16,14.62,31.87,18.35,0,13.08,12.49,10.97,9.56,14.7,14.73,2010-2011,POFF,12
Boston Celtics,39.31,18.64,21.24,20.52,0.29,11.85,12.37,11.02,10.39,12.58,13.8,2010-2011,POFF,9
Chicago Bulls,45.69,9.46,21.02,23.2,0.62,12.1,12.11,10.25,10.18,13.45,13.58,2010-2011,POFF,16
Dallas Mavericks,36.96,19.53,13.8,29.2,0.51,12.9,11.94,11.4,9.05,14.18,14.27,2010-2011,POFF,21
Denver Nuggets,43.12,13.77,19.22,23.38,0.52,12.02,13.79,10.6,11.48,13.05,15.46,2010-2011,POFF,5
Indiana Pacers,42.14,11.47,27.18,18.7,0.5,12.22,12.2,11.36,10.47,12.82,13.43,2010-2011,POFF,5
Los Angeles Lakers,44.34,18.25,16.07,21.21,0.13,11.7,13.18,9.05,11.54,13.84,14.64,2010-2011,POFF,10
Memphis Grizzlies,50.46,17.22,17.95,13.92,0.46,10.09,11.88,8.46,9.36,11.35,13.89,2010-2011,POFF,13
Miami Heat,39.05,15.98,20.6,24.11,0.26,12.65,12.32,10.35,10.94,14.48,13.36,2010-2011,POFF,21
New Orleans Hornets,40.6,18.79,21.11,19.26,0.23,12.23,11.58,10.26,9.39,13.89,13.46,2010-2011,POFF,6
New York Knicks,43.37,10.84,17.17,28.31,0.3,12.23,11.71,10.94,11.09,13.05,12.28,2010-2011,POFF,4
Oklahoma City Thunder,41.25,14.91,18.82,24.28,0.74,12.36,10.97,9.7,9.31,14.47,12.2,2010-2011,POFF,17
Orlando Magic,41.98,10.11,16.92,29.89,1.1,13.25,14.29,9.41,12.85,15.91,15.35,2010-2011,POFF,6
Philadelphia 76ers,36.52,23.77,19.61,20.1,0,12.11,13.02,10.43,11.25,13.3,14.34,2010-2011,POFF,5
Portland Trailblazers,44.19,16.63,16.4,22.32,0.46,11.65,12.8,8.93,11.47,13.91,13.91,2010-2011,POFF,6
San Antonio Spurs,46.22,12.74,17.49,22.89,0.65,11.74,10.56,9.38,8.7,13.57,12.24,2010-2011,POFF,6
Atlanta Hawks,39.73,14.16,29,17.01,0.11,11.82,12.84,10.25,10.27,12.98,15.04,2009-2010,POFF,11
Boston Celtics,42.81,14.66,21.49,20.94,0.11,11.52,12.18,9.88,9.8,12.88,13.98,2009-2010,POFF,24
Charlotte Bobcats,43.26,8.87,23.76,23.76,0.35,11.81,14.7,9.46,12.96,13.69,16.07,2009-2010,POFF,4
Chicago Bulls,37.82,16.01,33.64,12.53,0,11.65,13.18,10.44,11.32,12.59,14.97,2009-2010,POFF,5
Cleveland Cavaliers,43.96,11.11,17.22,27.72,0,11.97,11.46,9.73,9.75,13.95,12.88,2009-2010,POFF,11
Dallas Mavericks,38.24,19.96,17.44,23.74,0.63,12.23,10.97,10.37,9.07,13.63,12.59,2009-2010,POFF,6
Denver Nuggets,46.5,11.89,18.47,22.29,0.85,11.17,11.56,8.09,9.07,13.96,14.12,2009-2010,POFF,6
Los Angeles Lakers,40.69,16.21,17.77,24.96,0.38,12.27,11.57,10,9.71,14.19,13.01,2009-2010,POFF,23
Miami Heat,35.23,18.13,23.06,23.06,0.52,12.88,11.64,11.2,10.62,14.17,12.56,2009-2010,POFF,5
Milwaukee Bucks,40.11,13.49,19.78,26.26,0.36,12.35,11.58,9.73,10.36,14.29,12.59,2009-2010,POFF,7
Oklahoma City Thunder,40.64,17.66,18.09,23.4,0.21,11.54,12.37,9.61,10.11,12.79,14.16,2009-2010,POFF,6
Orlando Magic,38.24,11.3,12.41,37.64,0.4,13.7,12.22,11.29,10.4,15.79,13.55,2009-2010,POFF,14
Phoenix Suns,37.44,15.54,16.33,30.46,0.24,12.88,12.53,11.07,10.27,14.52,14.52,2009-2010,POFF,16
Portland Trailblazers,35.14,14.75,28.42,20.82,0.87,12.94,12.91,10.34,10.54,14.89,15.03,2009-2010,POFF,6
San Antonio Spurs,41.4,18.98,21.53,17.83,0.25,11.21,12.25,9.17,10.82,12.97,13.42,2009-2010,POFF,10
Utah Jazz,45.41,13.08,19.62,21.38,0.5,11.04,11.39,8.9,8.48,13,14.09,2009-2010,POFF,10
Atlanta Hawks,40.74,14.2,21.36,23.21,0.49,12.31,13.9,10.22,11.98,13.76,15.55,2008-2009,POFF,11
Boston Celtics,39.51,13.51,24.72,22.09,0.17,12.41,12.53,10.85,10.68,13.66,14.01,2008-2009,POFF,14
Chicago Bulls,39.18,13.44,25.25,21.8,0.33,12.32,11.84,11.08,10.43,13.3,13,2008-2009,POFF,7
Cleveland Cavaliers,34.03,13.5,26.14,26.14,0.19,13.39,13.31,10.95,11.5,15.49,14.69,2008-2009,POFF,14
Dallas Mavericks,31.84,19.29,21.66,27.08,0.13,13.33,11.75,11.69,9.63,14.79,13.72,2008-2009,POFF,10
Denver Nuggets,42.98,9.65,20.65,26.32,0.4,12.15,12.47,9.84,10.3,14.25,14.23,2008-2009,POFF,16
Detroit Pistons,28.9,13.31,41.88,15.26,0.65,13.73,14.09,11.71,11.2,15.13,16.55,2008-2009,POFF,4
Houston Rockets,39.74,12.44,21.44,25.78,0.61,12.62,12.43,10.3,10.04,14.49,14.39,2008-2009,POFF,13
Los Angeles Lakers,40.7,17.3,19.19,22.59,0.22,11.89,12.25,10,9.72,13.54,14.16,2008-2009,POFF,23
Miami Heat,27.72,17.25,26.49,27.93,0.62,14.56,11.73,12.43,9.65,16.31,13.25,2008-2009,POFF,7
New Orleans Hornets,37.32,15.1,21.37,26.21,0,12.32,13.14,9.8,11.2,13.98,15.06,2008-2009,POFF,5
Orlando Magic,40.66,14.86,13.59,30.55,0.33,12.55,12.73,10.42,10.8,14.35,14.31,2008-2009,POFF,24
Philadelphia 76ers,36.89,17.11,24.67,20.89,0.44,12.33,11.64,10.38,9.28,13.95,13.68,2008-2009,POFF,6
Portland Trailblazers,31.1,22.6,27.07,18.57,0.67,13.06,12.47,10.56,10.79,15.08,13.98,2008-2009,POFF,6
San Antonio Spurs,38.9,19.06,19.06,22.72,0.26,12,13.45,10.19,12.18,13.52,14.55,2008-2009,POFF,5
Utah Jazz,41.34,11.39,29.46,17.82,0,11.49,11.63,9.11,9.87,13.3,13.36,2008-2009,POFF,5
Atlanta Hawks,39.68,11.42,31.46,17.43,0,12.27,12.08,9.76,10.51,14.01,13.42,2007-2008,POFF,7
Boston Celtics,38.1,17.51,22.02,22.02,0.36,12.37,13.44,10.62,11.36,13.79,14.98,2007-2008,POFF,26
Cleveland Cavaliers,33.96,14.12,25.75,25.86,0.31,13.55,12.52,11.46,10.36,15.06,14.12,2007-2008,POFF,13
Dallas Mavericks,32.23,19.54,22.08,25.89,0.25,12.91,12.39,11.22,11.46,14.04,13.27,2007-2008,POFF,5
Denver Nuggets,46.61,13.56,19.49,20.34,0,10.61,12.41,7.72,9.54,12.76,15.09,2007-2008,POFF,4
Detroit Pistons,29.54,23.14,29.54,17.54,0.24,12.92,11.23,11.03,9.2,14.49,12.87,2007-2008,POFF,17
Houston Rockets,44.28,9.96,20.55,24.36,0.85,11.93,11.85,9.62,9.53,13.53,13.73,2007-2008,POFF,6
Los Angeles Lakers,42.7,12.78,20.53,23.68,0.3,11.94,11.72,9.57,9.49,14.03,13.45,2007-2008,POFF,21
New Orleans Hornets,38.48,20.88,23.35,17.18,0.1,11.48,13.57,10.14,11.85,12.65,14.84,2007-2008,POFF,12
Orlando Magic,41.38,13.79,11.14,33.29,0.4,12.13,13.39,9.76,10.91,14.24,15.26,2007-2008,POFF,10
Philadelphia 76ers,46.43,18.53,24.55,9.82,0.67,9.81,12.18,7.8,10.4,11.25,13.88,2007-2008,POFF,6
Phoenix Suns,40.29,22.57,19.42,17.23,0.49,11.23,10.52,9.48,9.06,12.73,11.8,2007-2008,POFF,5
San Antonio Spurs,36.75,17.42,20.89,24.8,0.15,12.42,11.08,10.67,9.19,13.83,12.66,2007-2008,POFF,17
Toronto Raptors,29.67,14.02,28.5,27.1,0.7,14.25,12.45,11.92,9.58,16.05,15.02,2007-2008,POFF,5
Utah Jazz,43.28,12.12,24.44,19.65,0.51,11.5,11.28,8.94,9.07,13.55,13.08,2007-2008,POFF,12
Washington Wizards,42.57,9.53,21.73,25.94,0.22,12.57,13.14,9.93,11.24,14.53,14.58,2007-2008,POFF,6
Chicago Bulls,31.35,16.14,30.56,21.83,0.13,13.21,13.19,11.93,11.04,14.18,14.84,2006-2007,POFF,10
Cleveland Cavaliers,38.47,17.69,22.15,21.17,0.52,12.18,12.27,10.03,9.96,13.74,13.99,2006-2007,POFF,20
Dallas Mavericks,33.61,15.88,22.89,27.01,0.62,13.66,12.99,10.76,10.76,15.79,14.91,2006-2007,POFF,6
Denver Nuggets,45.34,19.65,17.38,17.63,0,10.31,11.63,8.15,9.49,11.89,13.34,2006-2007,POFF,5
Detroit Pistons,30.43,23.44,24.26,21.63,0.25,13.08,11.61,11.27,9.74,14.44,13.02,2006-2007,POFF,16
Golden State Warriors,39.08,7.95,14.78,37.96,0.22,13.49,12.43,11.12,9.76,15.43,14.64,2006-2007,POFF,11
Houston Rockets,31.36,20.51,17.36,30.37,0.39,13.58,12.29,10.88,10.2,15.45,13.96,2006-2007,POFF,7
Los Angeles Lakers,41.16,17.21,18.6,22.56,0.47,11.64,12.49,9.27,9.56,13.52,15.19,2006-2007,POFF,5
Miami Heat,42.14,15.72,19.4,22.41,0.33,11.58,13.68,8.54,13.24,14.02,14.06,2006-2007,POFF,4
New Jersey Nets,38.64,9.32,23.75,28.07,0.23,12.73,13.52,10.42,11.83,14.57,14.78,2006-2007,POFF,12
Orlando Magic,47.75,17.99,24.22,10.03,0,9.51,13.29,7.77,11.81,11.09,14.49,2006-2007,POFF,4
Phoenix Suns,40.44,19.44,17.33,22.44,0.33,11.63,12.01,9.62,10,13.46,13.65,2006-2007,POFF,11
San Antonio Spurs,40.46,16.81,17.33,25.28,0.13,11.97,10.66,9.94,9.02,13.68,11.95,2006-2007,POFF,20
Toronto Raptors,28.8,14.29,37.19,19.05,0.68,13.97,12.89,12.96,10.38,14.77,15.02,2006-2007,POFF,6
Utah Jazz,41.78,16,26.44,15.56,0.22,11.28,13.15,9.39,10.66,12.88,15.12,2006-2007,POFF,17
Washington Wizards,38.86,15.36,21.08,24.7,0,12.45,12.27,9.98,9.99,14.19,14.22,2006-2007,POFF,4
Chicago Bulls,32.53,14.41,27.07,25.98,0,13.48,12.3,12.14,9.33,14.56,14.88,2005-2006,POFF,6
Cleveland Cavaliers,46.05,14.91,21.82,17.12,0.1,10.63,12.64,7.7,10.63,12.9,14.2,2005-2006,POFF,13
Dallas Mavericks,36.86,23.72,20.58,18.62,0.22,11.69,10.6,9.95,8.43,13.12,12.52,2005-2006,POFF,23
Denver Nuggets,38,15.85,30.3,15.62,0.23,11.81,12.11,9.06,10.48,13.5,13.51,2005-2006,POFF,5
Detroit Pistons,31.09,23.69,20.33,24.74,0.15,13.02,10.84,11.29,8.4,14.33,12.95,2005-2006,POFF,18
Indiana Pacers,32.7,19.43,20.14,27.73,0,13.29,11.53,11.5,9.3,14.71,13.34,2005-2006,POFF,6
Los Angeles Clippers,35.09,26.63,23.53,14.45,0.31,11.63,12.34,9.75,9.81,13.45,14.28,2005-2006,POFF,12
Los Angeles Lakers,40.72,17.53,16.15,25.26,0.34,12.16,12.55,8.98,10.38,14.8,14.62,2005-2006,POFF,7
Memphis Grizzlies,52.63,10.9,18.42,18.05,0,10.07,12.28,7.85,11.19,11.9,13.18,2005-2006,POFF,4
Miami Heat,43.88,13.75,15.97,25.99,0.42,11.57,13,8.94,10.94,14.01,14.56,2005-2006,POFF,23
Milwaukee Bucks,41.9,20.2,22.44,15.46,0,10.83,13.91,9.32,12.58,12.18,15.17,2005-2006,POFF,5
New Jersey Nets,41.49,11.63,23.86,22.66,0.36,12.18,12.47,9.76,10.28,14.18,14.38,2005-2006,POFF,11
Phoenix Suns,39.01,17.16,15.59,27.87,0.36,12.26,11.57,10.02,9.09,14.34,13.81,2005-2006,POFF,20
Sacramento Kings,42.22,13.43,24.95,19.19,0.21,11.72,12.15,9.17,10.38,13.76,14.01,2005-2006,POFF,6
San Antonio Spurs,48.18,13.91,17.45,20.46,0,10.76,11.14,8.88,9.3,12.59,12.69,2005-2006,POFF,13
Washington Wizards,42.58,10.81,22.25,24.15,0.21,12.44,10.6,10.04,7.99,14.4,12.8,2005-2006,POFF,6
Boston Celtics,49.42,13.08,17.5,19.81,0.19,10.6,12.64,9.37,11.87,11.58,13.15,2004-2005,POFF,7
Chicago Bulls,37.6,16.54,18.5,27.17,0.2,12.86,12.89,11.69,10.21,13.7,15,2004-2005,POFF,6
Dallas Mavericks,37.02,19.2,23.03,20.29,0.46,12.09,11.17,10.91,9.43,13.06,12.73,2004-2005,POFF,13
Denver Nuggets,47.07,21.63,20.61,10.43,0.25,9.66,11.53,7.7,9.8,11.07,12.9,2004-2005,POFF,5
Detroit Pistons,38.25,24.32,19.96,17.27,0.2,11.38,11.48,9.63,9.4,12.74,13.07,2004-2005,POFF,25
Houston Rockets,42.02,10.46,23.95,23.38,0.19,11.99,12.39,10.21,11.83,13.54,12.84,2004-2005,POFF,7
Indiana Pacers,38.25,17.81,19.6,24.13,0.21,12.34,11.22,10.78,9.57,13.36,12.48,2004-2005,POFF,13
Memphis Grizzlies,42.45,17.38,17.66,21.65,0.85,11.63,12.55,10.02,10.83,13.08,14.29,2004-2005,POFF,4
Miami Heat,41.48,15.68,21.7,20.97,0.18,11.61,12.05,9.56,10.27,13.59,13.31,2004-2005,POFF,15
New Jersey Nets,35.69,16.22,22.42,25.37,0.29,12.79,11.73,10.64,10.64,14.2,12.88,2004-2005,POFF,4
Seattle SuperSonics,44.72,19.72,15.49,19.72,0.35,11.03,12.12,8.57,9.51,13.11,14.32,2004-2005,POFF,11
Philadelphia 76ers,36.18,14.57,24.87,23.87,0.5,12.75,12.16,10.9,9.87,14.18,14.2,2004-2005,POFF,5
Phoenix Suns,43.24,20.44,13.05,22.8,0.47,10.9,11.48,9.46,9.62,12.3,13.12,2004-2005,POFF,15
Sacramento Kings,35.03,10.67,30.16,23.9,0.23,13.4,12.13,10.62,9.22,15.63,14.68,2004-2005,POFF,5
San Antonio Spurs,47.41,15.41,13.3,23.54,0.34,10.98,10.16,9.07,8.51,12.57,11.49,2004-2005,POFF,23
Washington Wizards,36.8,16.59,23.85,22.28,0.48,12.7,12.86,10.16,11.22,14.58,14.21,2004-2005,POFF,10