,TEAM,GP,W,L,WIN%,MIN,PTS,FGM,FGA,FG%,3PM,3PA,3P%,FTM,FTA,FT%,OREB,DREB,REB,AST,TOV,STL,BLK,BLKA,PF,PFD,+/-,Season
1,Golden State Warriors,82,73,9,0.89,48.5,114.9,42.5,87.3,48.7,13.1,31.6,41.6,16.7,21.8,76.3,10,36.2,46.2,28.9,15.2,8.4,6.1,4.1,20.7,19.8,10.8,2015-2016
2,San Antonio Spurs,82,67,15,0.817,48.1,103.5,40.1,82.9,48.4,7,18.5,37.5,16.4,20.4,80.3,9.4,34.5,43.9,24.5,13.1,8.3,5.9,3.9,17.5,19.5,10.6,2015-2016
3,Cleveland Cavaliers,82,57,25,0.695,48.4,104.3,38.7,84,46,10.7,29.6,36.2,16.3,21.7,74.8,10.6,33.9,44.5,22.7,13.6,6.7,3.9,4.4,20.3,20.6,6,2015-2016
4,Toronto Raptors,82,56,26,0.683,48.2,102.7,36.7,81.3,45.1,8.6,23.3,37,20.8,26.7,77.7,10.2,33.2,43.4,18.7,13.1,7.8,5.5,5.4,19.6,22,4.5,2015-2016
5,Oklahoma City Thunder,82,55,27,0.671,48.4,110.2,41.1,86.4,47.6,8.3,23.7,34.9,19.7,25.2,78.2,13.1,35.6,48.6,23,15.9,7.4,5.9,4.5,20.6,20.2,7.3,2015-2016
6,Los Angeles Clippers,82,53,29,0.646,48.4,104.5,38.3,82.4,46.5,9.7,26.7,36.4,18.2,26.2,69.2,8.8,33.3,42,22.8,13,8.6,5.6,3.2,21.3,22.5,4.3,2015-2016
7,Miami Heat,82,48,34,0.585,48.4,100,38.4,81.7,47,6.1,18,33.6,17.1,23,74.5,9.8,34.3,44.1,20.8,14.1,6.7,6.5,4.1,18.3,19.6,1.6,2015-2016
7,Boston Celtics,82,48,34,0.585,48.2,105.7,39.2,89.2,43.9,8.7,26.1,33.5,18.5,23.5,78.8,11.6,33.3,44.9,24.2,13.7,9.2,4.2,5.5,21.9,21,3.2,2015-2016
7,Charlotte Hornets,82,48,34,0.585,48.4,103.4,37,84.4,43.9,10.6,29.4,36.2,18.7,23.7,79,9,35,43.9,21.7,12.5,7.3,5.3,5.5,18.1,20.4,2.7,2015-2016
7,Atlanta Hawks,82,48,34,0.585,48.4,102.8,38.6,84.4,45.8,9.9,28.4,35,15.6,20,78.3,8.3,33.8,42.1,25.6,15,9.1,5.9,5,19.1,18.3,3.6,2015-2016
11,Indiana Pacers,82,45,37,0.549,48.5,102.2,38.3,85.2,45,8.1,23,35.1,17.4,22.8,76.4,10.3,33.9,44.2,21.2,14.9,9,4.8,4.5,20,20.4,1.7,2015-2016
12,Detroit Pistons,82,44,38,0.537,48.5,102,37.9,86.4,43.9,9,26.2,34.5,17.1,25.5,66.8,12.5,33.9,46.3,19.4,13.5,7,3.7,4.5,19,21.6,0.6,2015-2016
12,Portland Trail Blazers,82,44,38,0.537,48.3,105.1,38.6,85.9,45,10.5,28.5,37,17.4,23,75.4,11.6,33.9,45.5,21.3,14.6,6.9,4.6,5.2,21.7,19.5,0.8,2015-2016
14,Dallas Mavericks,82,42,40,0.512,48.8,102.3,37.4,84.1,44.4,9.8,28.6,34.4,17.7,22.3,79.4,9.2,33.9,43.1,22.1,12.8,6.8,3.7,4.4,19.5,21.4,-0.3,2015-2016
14,Chicago Bulls,82,42,40,0.512,48.5,101.6,38.6,87.4,44.1,7.9,21.4,37.1,16.5,21,78.7,11.1,35.2,46.3,22.8,13.9,6,5.7,5.7,18.8,18.7,-1.5,2015-2016
14,Memphis Grizzlies,82,42,40,0.512,48.4,99.1,36.8,83.6,44,6.1,18.5,33.1,19.3,24.7,78.3,11.2,30.5,41.6,20.7,13.3,8.8,4.3,5.7,21.7,21.1,-2.2,2015-2016
17,Houston Rockets,82,41,41,0.5,48.4,106.5,37.7,83.5,45.2,10.7,30.9,34.7,20.4,29.4,69.4,11.3,31.7,43.1,22.2,15.9,10,5.2,4.9,21.8,22.5,0.2,2015-2016
17,Washington Wizards,82,41,41,0.5,48.2,104.1,39.5,85.8,46,8.6,24.2,35.8,16.5,22.5,73,9.1,32.8,41.8,24.5,14.5,8.6,3.9,4.3,20.8,20.1,-0.5,2015-2016
19,Utah Jazz,82,40,42,0.488,48.7,97.7,36.1,80.4,44.9,8.5,23.9,35.5,17.1,23,74.4,10.7,32.5,43.2,19,14.9,7.7,5.2,4.7,20.2,19.9,1.8,2015-2016
20,Orlando Magic,82,35,47,0.427,48.5,102.1,39.5,86.8,45.5,7.8,22.2,35,15.2,20.1,75.7,10.3,33,43.3,23.6,14.1,8.2,5.1,5.5,20.7,18.3,-1.6,2015-2016
21,Milwaukee Bucks,82,33,49,0.402,48.4,99,38.4,82.2,46.7,5.4,15.6,34.5,17,22.7,74.8,10.5,31.2,41.7,23.1,15.2,8.2,5.8,5.6,20.7,19.5,-4.2,2015-2016
21,Denver Nuggets,82,33,49,0.402,48.4,101.9,37.7,85.4,44.2,8,23.7,33.8,18.5,24.1,76.6,11.5,33.1,44.6,22.7,14.7,7.4,4.8,6.3,21,20.9,-3.1,2015-2016
21,Sacramento Kings,82,33,49,0.402,48.3,106.6,40,86.4,46.4,8,22.4,35.9,18.5,25.5,72.5,10.6,33.7,44.2,24.5,16.2,8.9,4.5,5.3,20.4,22,-2.5,2015-2016
24,New York Knicks,82,32,50,0.39,48.3,98.4,36.9,84,43.9,7.4,21.5,34.6,17.2,21.4,80.5,10.4,34,44.4,20.5,13.4,5.7,5.7,4.2,19.7,18.5,-2.7,2015-2016
25,New Orleans Pelicans,82,30,52,0.366,48.2,102.7,38.5,85.9,44.8,8.6,23.8,36,17.3,22.2,77.6,9.5,33.1,42.6,22.2,13.4,7.7,4.2,5.2,20.9,19.9,-3.8,2015-2016
26,Minnesota Timberwolves,82,29,53,0.354,48.5,102.4,37.7,81.3,46.4,5.5,16.4,33.8,21.4,27,79.2,10,31.5,41.6,23.4,15,8,4.6,5.2,20.7,21.6,-3.5,2015-2016
27,Phoenix Suns,82,23,59,0.28,48.1,100.9,37.2,85.6,43.5,9,25.8,34.8,17.5,23.2,75.1,11.5,33.3,44.8,20.7,17.2,7.7,3.8,5.5,22.7,21.6,-6.7,2015-2016
28,Brooklyn Nets,82,21,61,0.256,48.2,98.6,38.2,84.4,45.3,6.5,18.4,35.2,15.7,20.7,75.7,10.5,31.9,42.4,22.3,14.8,7.6,4,5.2,18,18.4,-7.4,2015-2016
29,Los Angeles Lakers,82,17,65,0.207,48.1,97.3,35.1,84.8,41.4,7.8,24.6,31.7,19.3,24.7,78.1,10.7,32.3,43,18,13.7,7.2,4.1,5.6,20.3,19.2,-9.6,2015-2016
30,Philadelphia 76ers,82,10,72,0.122,48.3,97.4,36.2,84,43.1,9.3,27.5,33.9,15.7,22.6,69.4,9.5,31.8,41.2,21.5,16.4,8.3,6,5.7,21.7,19.2,-10.2,2015-2016
1,Golden State Warriors,82,67,15,0.817,48.1,110,41.6,87,47.8,10.8,27,39.8,16,20.8,76.8,10.4,34.3,44.7,27.4,14.5,9.3,6,3.6,19.9,18.8,10.1,2014-2015
2,Atlanta Hawks,82,60,22,0.732,48.1,102.5,38.1,81.7,46.6,10,26.2,38,16.5,21.2,77.8,8.7,31.8,40.6,25.7,14.2,9.1,4.6,4.9,17.8,19.6,5.4,2014-2015
3,Houston Rockets,82,56,26,0.683,48.3,103.9,37,83.3,44.4,11.4,32.7,34.8,18.6,26,71.5,11.7,32,43.7,22.2,16.7,9.5,5,5.3,22,21.1,3.4,2014-2015
3,Los Angeles Clippers,82,56,26,0.683,48.1,106.7,39.4,83.3,47.3,10.1,26.9,37.6,17.9,25.2,71,9.6,33.1,42.6,24.8,12.3,7.8,5,3,21.3,21.5,6.6,2014-2015
5,Memphis Grizzlies,82,55,27,0.671,48.5,98.3,37.8,82.5,45.8,5.2,15.2,33.9,17.6,22.8,77.3,10.4,32.1,42.6,21.7,13.3,8.5,4.2,5.2,19.1,20.3,3.2,2014-2015
5,San Antonio Spurs,82,55,27,0.671,48.7,103.2,39.1,83.6,46.8,8.3,22.5,36.7,16.7,21.4,78,9.8,33.8,43.6,24.4,14,8,5.4,4.4,19.1,19.7,6.2,2014-2015
7,Cleveland Cavaliers,82,53,29,0.646,48.2,103.1,37.7,82.2,45.8,10.1,27.5,36.7,17.7,23.6,75.1,11.1,31.9,43,22.1,14.3,7.4,4.1,4.5,18.4,20.5,4.5,2014-2015
8,Portland Trail Blazers,82,51,31,0.622,48.4,102.8,38.7,86,45,9.8,27.2,36.2,15.5,19.4,80.1,10.7,35.1,45.9,21.9,13.6,6.4,4.5,3.6,18.2,18.7,4.2,2014-2015
9,Chicago Bulls,82,50,32,0.61,48.5,100.8,36.6,82.9,44.2,7.9,22.3,35.3,19.7,25.2,78.3,11.7,34,45.7,21.7,14,6.3,5.8,5.4,18.2,21.2,3,2014-2015
9,Dallas Mavericks,82,50,32,0.61,48.5,105.2,39.7,85.8,46.3,8.9,25.4,35.2,16.9,22.5,75.2,10.5,31.8,42.3,22.5,13,8.1,4.5,3.8,20,22.1,2.9,2014-2015
11,Toronto Raptors,82,49,33,0.598,48.4,104,37.9,83.3,45.5,8.9,25.1,35.2,19.3,24.6,78.7,10.7,30.8,41.5,20.7,12.9,7.5,4.4,5,20.9,20.3,3.1,2014-2015
12,Washington Wizards,82,46,36,0.561,48.7,98.5,38.3,82.8,46.2,6.1,16.8,36,15.9,21.4,74.2,10.5,34.2,44.7,24,15,7.3,4.6,4.3,20.8,19.6,0.7,2014-2015
13,New Orleans Pelicans,82,45,37,0.549,48.2,99.4,37.9,82.9,45.7,7.1,19.3,37,16.4,21.8,75.1,11.5,32,43.5,22,13.3,6.7,6.2,5.8,18.7,18.7,0.8,2014-2015
13,Oklahoma City Thunder,82,45,37,0.549,48.4,104,38.8,86.8,44.7,7.7,22.7,33.9,18.6,24.6,75.4,12.8,34.7,47.5,20.5,14.7,7.3,5.5,4.6,22.3,20.4,2.2,2014-2015
15,Milwaukee Bucks,82,41,41,0.5,48.6,97.8,37.6,82,45.9,6.6,18.3,36.3,16,21.1,75.7,10.7,31.4,42.1,23.6,16.7,9.6,4.9,4.8,22.1,20.1,0.4,2014-2015
16,Boston Celtics,82,40,42,0.488,48.5,101.4,38.9,87.9,44.3,8,24.6,32.7,15.4,20.5,75.4,11.1,32.7,43.8,24.5,13.8,8.2,3.6,5.3,21.2,18.8,0.2,2014-2015
17,Phoenix Suns,82,39,43,0.476,48.5,102.4,38.8,85.8,45.2,8.5,25,34.1,16.4,21.5,76,10.9,32.2,43.2,20.2,15.1,8.5,4.7,4.1,21.3,20.3,-0.9,2014-2015
18,Indiana Pacers,82,38,44,0.463,48.4,97.3,36.6,83.2,43.9,7.5,21.2,35.2,16.7,22.2,75.6,10.4,34.4,44.9,21.4,14,6.2,4.6,4.7,21.2,21.4,0.3,2014-2015
18,Utah Jazz,82,38,44,0.463,48.1,95.1,35.4,79.2,44.7,7.4,21.7,34.3,17,23.5,72.1,12,31.9,44,19.9,15.3,7.6,6,4.7,19.3,19.6,0.2,2014-2015
18,Brooklyn Nets,82,38,44,0.463,48.6,98,37.4,83,45.1,6.6,19.9,33.1,16.6,22.2,74.8,10.3,32,42.4,20.9,13.8,7,4.1,4.5,19.3,20,-2.9,2014-2015
21,Miami Heat,82,37,45,0.451,48.1,94.7,35.2,77.2,45.6,6.8,20.2,33.5,17.5,23.7,74.1,9.1,30,39.1,19.8,14.8,7.8,4.5,4.4,20,20.9,-2.6,2014-2015
22,Charlotte Hornets,82,33,49,0.402,48.5,94.2,35.5,84.5,42,6.1,19.1,31.8,17,22.8,74.8,10,34.1,44.1,20.2,11.9,6.1,5.5,5.4,18.2,20.8,-3.2,2014-2015
23,Detroit Pistons,82,32,50,0.39,48.4,98.5,37.1,85.8,43.2,8.6,24.9,34.4,15.8,22.4,70.3,12.8,32.1,44.9,21.6,13.4,7.6,4.7,4.8,19,19.3,-1,2014-2015
24,Denver Nuggets,82,30,52,0.366,48.5,101.5,37.8,87.3,43.3,8,24.8,32.5,17.8,24.3,73.4,12.3,32.4,44.7,21.8,14.2,7.8,4.5,6.1,23,20.7,-3.5,2014-2015
25,Sacramento Kings,82,29,53,0.354,48.4,101.3,36.7,80.7,45.5,5.6,16.5,34.1,22.3,29.3,76.2,10.9,33.3,44.2,20.3,16.3,6.7,4,6.2,20.7,23.9,-3.7,2014-2015
26,Orlando Magic,82,25,57,0.305,48.2,95.7,37.5,82.8,45.3,6.8,19.5,34.7,13.9,19.1,72.9,10,31.8,41.8,20.6,14.9,7.9,3.8,5.4,20.9,17.9,-5.7,2014-2015
27,Los Angeles Lakers,82,21,61,0.256,48.6,98.5,37.2,85.6,43.5,6.5,18.9,34.4,17.5,23.6,74.1,11.6,32.3,43.9,20.9,13.2,7,4.5,4.8,21.2,19.4,-6.8,2014-2015
28,Philadelphia 76ers,82,18,64,0.22,48.3,92,33.7,82.6,40.8,8.4,26.3,32,16.1,23.8,67.6,11.9,30.9,42.9,20.5,17.7,9.6,5.9,5.5,21.7,20.2,-9,2014-2015
29,New York Knicks,82,17,65,0.207,48.4,91.9,35.1,82,42.8,6.8,19.7,34.7,14.8,19.2,76.9,10.6,29.8,40.4,21.3,14.7,7,4.7,4.3,21.6,19.1,-9.3,2014-2015
30,Minnesota Timberwolves,82,16,66,0.195,48.3,97.8,36.4,83.2,43.8,5,14.9,33.2,20,25.7,77.6,11.6,29.3,40.9,21.6,15,8.1,4,5.5,19.2,21.4,-8.8,2014-2015
1,San Antonio Spurs,82,62,20,0.756,48.2,105.4,40.6,83.5,48.6,8.5,21.4,39.7,15.7,20,78.5,9.3,34,43.3,25.2,14.4,7.4,5.1,4.6,18.2,19.3,7.7,2013-2014
2,Oklahoma City Thunder,82,59,23,0.72,48.3,106.2,39,82.7,47.1,8.1,22.4,36.1,20.2,25,80.6,10.8,33.9,44.7,21.9,15.3,8.3,6.1,3.6,22.7,20.4,6.3,2013-2014
3,Los Angeles Clippers,82,57,25,0.695,48.2,107.9,39.1,82.5,47.4,8.5,24,35.2,21.2,29.1,73,10.5,32.5,43,24.6,13.9,8.6,4.8,3.5,21.5,23.4,7,2013-2014
4,Indiana Pacers,82,56,26,0.683,48.2,96.7,36,80.2,44.9,6.7,18.8,35.7,18.1,23.3,77.9,10.2,34.5,44.7,20.1,15.1,6.7,5.4,4.6,20.4,21.9,4.4,2013-2014
5,Miami Heat,82,54,28,0.659,48.5,102.2,38.3,76.5,50.1,8.1,22.3,36.4,17.5,23,76,7.6,29.2,36.9,22.5,14.8,8.9,4.5,3.1,19.5,20.4,4.8,2013-2014
5,Portland Trail Blazers,82,54,28,0.659,48.4,106.7,39.1,87,45,9.4,25.3,37.2,19.1,23.5,81.5,12.5,34,46.4,23.2,13.7,5.5,4.7,3.7,19.2,20.7,4,2013-2014
5,Houston Rockets,82,54,28,0.659,48.4,107.7,38,80.5,47.2,9.5,26.6,35.8,22.1,31.1,71.2,11.2,34.1,45.3,21.4,16.1,7.6,5.6,5.6,20.4,24.3,4.6,2013-2014
8,Golden State Warriors,82,51,31,0.622,48.4,104.3,39.5,85.4,46.2,9.4,24.8,38,15.9,21.1,75.3,10.9,34.4,45.3,23.3,15.2,7.8,5,4.2,21.8,19.3,4.8,2013-2014
9,Memphis Grizzlies,82,50,32,0.61,48.3,96.1,38.1,82,46.4,4.9,14,35.3,15.1,20.3,74.1,11.6,30.8,42.4,21.9,13.7,7.7,4.6,5,19.1,18.9,1.6,2013-2014
10,Dallas Mavericks,82,49,33,0.598,48.4,104.8,39.6,83.6,47.4,8.8,22.9,38.4,16.8,21.1,79.5,10.2,30.7,40.9,23.6,13.5,8.6,4.3,3.5,20,19.9,2.4,2013-2014
11,Toronto Raptors,82,48,34,0.585,48.7,101.3,36.5,81.9,44.5,8.7,23.4,37.2,19.6,25.1,78.2,11.4,31.1,42.5,21.2,14.1,7,4.2,4.3,23,22.1,3.2,2013-2014
11,Chicago Bulls,82,48,34,0.585,48.6,93.7,34.7,80.2,43.2,6.2,17.8,34.8,18.1,23.3,77.9,11.4,32.7,44.1,22.7,14.9,7.2,5.2,6,19.1,20.9,1.9,2013-2014
11,Phoenix Suns,82,48,34,0.585,48.2,105.2,38.7,83.5,46.3,9.3,25.1,37.2,18.5,24.4,75.8,11.3,31.7,43,19.1,15.3,8.4,4.6,4,21.9,21.3,2.6,2013-2014
14,Washington Wizards,82,44,38,0.537,48.9,100.7,38.7,84.4,45.9,7.9,20.8,38,15.3,20.9,73.1,10.8,31.4,42.2,23.3,14.7,8.1,4.6,3.9,20.4,19.5,1.3,2013-2014
14,Brooklyn Nets,82,44,38,0.537,48.5,98.5,35.7,77.9,45.9,8.6,23.4,36.9,18.4,24.4,75.3,8.8,29.4,38.1,20.9,14.5,8.6,3.8,4.1,21.7,20.8,-1,2013-2014
16,Charlotte Bobcats,82,43,39,0.524,48.5,96.9,36.3,82.1,44.2,6.3,17.9,35.1,18,24.4,73.7,9.5,33.2,42.7,21.7,12.3,6.1,5.1,5.1,18.2,20.9,-0.2,2013-2014
17,Minnesota Timberwolves,82,40,42,0.488,48.4,106.9,38.9,87.5,44.4,7.3,21.4,34.1,21.8,28.1,77.8,12.5,32.2,44.7,23.9,13.9,8.8,3.6,5.6,18.3,23.6,2.7,2013-2014
18,Atlanta Hawks,82,38,44,0.463,48.4,101,37.3,81.6,45.8,9.4,25.8,36.3,17,21.7,78.1,8.7,31.3,40,24.9,15.3,8.3,4,4.3,19.2,20,-0.5,2013-2014
19,New York Knicks,82,37,45,0.451,48.4,98.6,36.9,82.2,44.9,9.3,24.9,37.2,15.5,20.4,76.1,10.6,29.7,40.3,20,13,7.7,4.5,3.4,22.1,19.6,-0.8,2013-2014
20,Denver Nuggets,82,36,46,0.439,48.2,104.4,38.4,85.9,44.7,8.6,23.9,35.8,19.1,26.3,72.6,12.3,33.1,45.4,22.4,15.9,7.5,5.6,5.6,23,21.7,-2.1,2013-2014
21,New Orleans Pelicans,82,34,48,0.415,48.4,99.7,37.8,82.5,45.9,5.9,15.9,37.3,18.2,23.6,76.9,11.4,30.3,41.7,21.3,13.8,7.9,6.4,6.1,22.6,20.3,-2.7,2013-2014
22,Cleveland Cavaliers,82,33,49,0.402,48.6,98.2,37,84.8,43.7,7.1,20,35.6,17,22.7,75.1,12.1,32.1,44.1,21.2,14.2,7.1,3.7,5.6,20,19.5,-3.3,2013-2014
23,Detroit Pistons,82,29,53,0.354,48.2,101,38.8,86.9,44.7,6.2,19.3,32.1,17.3,25.7,67,14.6,30.8,45.4,20.9,14.5,8.4,4.8,4.9,20.3,20.7,-3.7,2013-2014
24,Sacramento Kings,82,28,54,0.341,48.4,100.5,36.9,82.5,44.7,6,18,33.3,20.7,27.3,75.9,12.1,32.4,44.5,18.9,15.2,7.2,3.9,5.6,22.5,23.1,-2.9,2013-2014
25,Los Angeles Lakers,82,27,55,0.329,48.1,103,38.3,85.1,45,9.4,24.8,38.1,17,22.4,75.7,9.1,32,41,24.5,15.1,7.5,5.4,4.7,19.8,19.3,-6.3,2013-2014
26,Utah Jazz,82,25,57,0.305,48.2,95,36,81.1,44.4,6.6,19.2,34.4,16.4,22,74.7,11,30.2,41.2,20.3,14.6,7,4.5,4.9,20.7,20.4,-7.2,2013-2014
26,Boston Celtics,82,25,57,0.305,48.1,96.2,36.5,83.9,43.5,7,21.1,33.3,16.2,20.8,77.7,12,30.5,42.5,21,15.4,7.1,4.2,4.5,21.3,19.1,-4.5,2013-2014
28,Orlando Magic,82,23,59,0.28,48.7,96.5,36.9,82.7,44.5,6.9,19.5,35.3,15.9,20.9,76.3,9.7,32.4,42,21,14.9,7.7,4.3,5.4,20.5,18.3,-5.4,2013-2014
29,Philadelphia 76ers,82,19,63,0.232,48.4,99.5,37.9,87.2,43.5,7,22.5,31.2,16.6,23.4,71,11.6,31.2,42.7,21.8,16.9,9.3,4,6.8,22.5,20.6,-10.5,2013-2014
30,Milwaukee Bucks,82,15,67,0.183,48.5,95.5,36,82.2,43.8,6.7,18.9,35.3,16.8,22.5,74.7,11.8,29.3,41.1,21.5,15.1,6.6,4.9,5,20.9,20.6,-8.2,2013-2014
1,Miami Heat,82,66,16,0.805,48.5,102.9,38.4,77.4,49.6,8.7,22.1,39.6,17.4,23,75.4,8.2,30.4,38.6,23,13.9,8.7,5.4,3.2,18.7,20.4,7.9,2012-2013
2,Oklahoma City Thunder,82,60,22,0.732,48.4,105.7,38.1,79.3,48.1,7.3,19.4,37.7,22.2,26.8,82.8,10.4,33.2,43.6,21.4,15.3,8.3,7.6,3.9,20.2,20.7,9.2,2012-2013
3,San Antonio Spurs,82,58,24,0.707,48.5,103,39.1,81.4,48.1,8.1,21.5,37.6,16.6,21,79.1,8.1,33.2,41.3,25.1,14.7,8.5,5.4,4.9,17.4,19.1,6.4,2012-2013
4,Denver Nuggets,82,57,25,0.695,48.5,106.1,40.7,85.2,47.8,6.4,18.5,34.3,18.4,26.2,70.1,13.3,31.7,45,24.4,15.3,9.3,6.5,6.8,20.5,21.6,5.1,2012-2013
5,Memphis Grizzlies,82,56,26,0.683,48.3,93.4,36.1,81.5,44.4,4.7,13.5,34.5,16.5,21.3,77.3,12.9,29.8,42.7,20.9,14,8.6,5.3,5.5,20.2,20,4.1,2012-2013
5,Los Angeles Clippers,82,56,26,0.683,48.1,101.1,38.5,80.6,47.8,7.6,21.4,35.8,16.4,23,71.1,11.4,30.2,41.6,23.9,14.6,9.6,5.6,4.1,20.9,20.9,6.5,2012-2013
7,New York Knicks,82,54,28,0.659,48.1,100,36.5,81.6,44.8,10.9,28.9,37.6,16,21.1,75.9,10.9,29.7,40.6,19.3,12,8.2,3.6,4,20.1,19.2,4.2,2012-2013
8,Indiana Pacers,81,49,32,0.605,48.4,94.7,35.1,80.6,43.6,6.9,19.7,34.7,17.6,23.6,74.6,12.9,33,45.9,20.3,15.1,7.2,6.3,5.7,20,21.9,4,2012-2013
9,Brooklyn Nets,82,49,33,0.598,48.4,96.9,35.9,79.8,45,7.7,21.5,35.7,17.5,23.9,73.1,12.8,30,42.8,20.3,14.7,7.3,4.8,4.8,18.3,21.4,1.8,2012-2013
10,Golden State Warriors,82,47,35,0.573,48.3,101.2,38.2,83.4,45.8,8,19.9,40.3,16.8,21.3,79,10.8,34.2,45,22.5,15.1,6.9,4.2,4.9,21.4,19.2,0.9,2012-2013
11,Chicago Bulls,82,45,37,0.549,48.4,93.2,35.7,81.7,43.7,5.4,15.4,35.3,16.4,21.2,77.3,12.5,30.7,43.2,23,14.3,7.2,5.1,5.8,19.7,19.6,0.3,2012-2013
11,Houston Rockets,82,45,37,0.549,48.2,106,38.1,82.7,46.1,10.6,28.9,36.6,19.2,25.5,75.4,11.1,32.3,43.4,23.2,16.4,8.3,4.4,6.1,20.3,20.4,3.5,2012-2013
11,Los Angeles Lakers,82,45,37,0.549,48.2,102.2,37.1,81,45.8,8.7,24.6,35.5,19.3,27.9,69.2,11.5,33.3,44.8,22.2,15,7,5.2,4.8,17.9,23.1,1.2,2012-2013
14,Atlanta Hawks,82,44,38,0.537,48.4,98,37.6,81,46.4,8.6,23.2,37.1,14.1,19.7,71.5,9.2,31.6,40.9,24.5,14.9,8.1,4.5,4.3,18,18.8,0.4,2012-2013
15,Utah Jazz,82,43,39,0.524,48.5,98,37.1,81.8,45.4,6.2,16.9,36.6,17.5,23,76.4,12.1,30,42,22.7,14.8,8.4,6.3,5.9,21.3,20.4,-0.1,2012-2013
16,Boston Celtics,81,41,40,0.506,49,96.5,37,79.7,46.5,6.1,17.2,35.8,16.3,21,77.6,8.1,31.3,39.3,22.8,14.6,8.2,4.5,4.7,21.2,19.4,-0.2,2012-2013
17,Dallas Mavericks,82,41,41,0.5,48.7,101.1,38.8,84,46.2,7.4,19.9,37.2,16.1,20.4,79.3,9.4,32.6,41.9,23.2,14,7.9,5.5,4.1,20.7,18.9,-0.6,2012-2013
18,Milwaukee Bucks,82,38,44,0.463,48.4,98.9,38.1,87.8,43.5,7.3,20.4,36,15.3,20.7,73.6,13,30.9,44,22.9,14.1,8.4,6.7,4.4,19,19.1,-1.5,2012-2013
19,Philadelphia 76ers,82,34,48,0.415,48.2,93.2,37.3,84.1,44.4,6.3,17.5,36,12.2,16.8,72.9,10.9,30.4,41.3,22.8,13,7.4,4.7,4.8,18.4,16.2,-3.3,2012-2013
19,Toronto Raptors,82,34,48,0.415,48.7,97.2,36.3,81.5,44.6,7,20.3,34.3,17.6,22.3,78.8,10.6,29.6,40.2,21.5,13.7,7.3,4.8,4.7,22.4,20.1,-1.5,2012-2013
21,Portland Trail Blazers,82,33,49,0.402,48.4,97.5,36.7,81.9,44.8,8.2,23.2,35.3,15.9,20.5,77.6,10.7,30.2,40.8,21.8,14.7,6.6,4.3,4.4,18.5,18.7,-3.2,2012-2013
22,Minnesota Timberwolves,82,31,51,0.378,48.1,95.7,35.9,81.7,43.9,5.5,18,30.5,18.5,24.9,74.2,11.9,30.2,42,22.4,14.8,8.5,4.7,5.9,18.4,22.5,-2.4,2012-2013
23,Detroit Pistons,82,29,53,0.354,48.3,94.9,36.3,81,44.9,6.3,17.6,35.6,15.9,22.8,69.9,12.1,30,42.1,21.2,15.1,7,4.9,5.8,19.8,19.9,-4,2012-2013
23,Washington Wizards,82,29,53,0.354,48.4,93.2,35.5,81.6,43.5,6.6,18.2,36.5,15.6,21.3,73.3,10.8,32.3,43.2,21.6,15.1,7.3,4.6,4.4,20.5,19.1,-2.5,2012-2013
25,Sacramento Kings,82,28,54,0.341,48.4,100.2,37.6,84.2,44.7,7.4,20.5,36.3,17.5,22.8,76.9,11.5,29.1,40.6,20.8,14.6,8.2,4.2,6.3,20.9,20,-4.9,2012-2013
26,New Orleans Hornets,82,27,55,0.329,48.2,94.1,36,80.4,44.8,6.5,18,36.3,15.5,20,77.6,12,29.6,41.6,21,14.5,6.3,5.4,6,20.4,18.7,-3.9,2012-2013
27,Phoenix Suns,82,25,57,0.305,48.3,95.2,37.3,84.4,44.3,5.9,17.7,33,14.7,19.7,74.4,11.7,29.9,41.6,22.6,15.6,8,5.3,5.1,20.6,18.4,-6.5,2012-2013
28,Cleveland Cavaliers,82,24,58,0.293,48.1,96.5,36.5,84.2,43.4,6.7,19.3,34.6,16.8,22.3,75.6,12.2,28.8,41,20.7,14,7.9,4.1,6.8,21.2,19.7,-4.7,2012-2013
29,Charlotte Bobcats,82,21,61,0.256,48.3,93.4,34.4,81.1,42.5,5.7,17.1,33.5,18.9,25.1,75,11.2,29.1,40.3,19.4,14.1,7.2,5.8,6.9,19,21.3,-9.2,2012-2013
30,Orlando Magic,82,20,62,0.244,48.2,94.1,37.7,84.2,44.8,6.2,18.7,32.9,12.5,16.6,75.5,10.9,31.9,42.7,22.8,14.5,6.4,4.4,5.2,19.4,16.5,-7,2012-2013
1,Chicago Bulls,66,50,16,0.758,48.3,96.3,37.4,82.8,45.2,6.3,16.9,37.5,15.2,21.1,72.2,13.9,32.8,46.7,23.1,14,6.9,5.9,5.2,17.3,17.7,8.2,2011-2012
1,San Antonio Spurs,66,50,16,0.758,48.3,103.7,39.6,82.8,47.8,8.4,21.3,39.3,16.2,21.6,74.8,10.3,32.6,43,23.2,13.6,7.4,4.4,5,17.3,18.8,7.2,2011-2012
3,Oklahoma City Thunder,66,47,19,0.712,48.5,103.1,37.3,79.2,47.1,7.2,20,35.8,21.3,26.4,80.6,11,32.7,43.7,18.5,16.3,7.5,8.2,4.9,20.5,20,6.1,2011-2012
4,Miami Heat,66,46,20,0.697,48.6,98.5,37.1,79,46.9,5.6,15.6,35.9,18.8,24.2,77.5,10.4,31.2,41.6,20,15.2,8.9,5.4,4.2,19.4,20.5,6,2011-2012
5,Indiana Pacers,66,42,24,0.636,48.5,97.7,35.7,81.4,43.8,5.9,16.1,36.8,20.4,26.1,78.2,12.5,31.4,43.9,18.6,14,7.9,5.4,6,21.7,21.6,3.3,2011-2012
6,Memphis Grizzlies,66,41,25,0.621,48.3,95,36.7,82.2,44.7,4.2,12.9,32.6,17.3,22.8,75.9,12.6,29.5,42,19.5,14.5,9.6,5.2,5.5,19.9,19.3,2,2011-2012
6,Los Angeles Lakers,66,41,25,0.621,48.7,97.3,36.8,80.6,45.7,5.5,16.8,32.6,18.2,24.1,75.6,12.1,34.1,46.2,22.5,15.1,5.9,5.3,4.6,16.8,20.2,1.4,2011-2012
8,Atlanta Hawks,66,40,26,0.606,49,96.6,36.8,81,45.4,7.5,20.2,37,15.5,21,74,9.9,31.3,41.2,22.4,14,8.1,4.6,4.7,17.8,19.1,3.4,2011-2012
8,Los Angeles Clippers,66,40,26,0.606,48.4,97.5,37,81.3,45.5,7.8,21.8,35.7,15.8,23.3,68,12.1,29.4,41.6,21,13.3,8.4,4.8,4.5,21.2,21.2,2.6,2011-2012
10,Boston Celtics,66,39,27,0.591,48.3,91.8,35.5,77.1,46,5.5,15,36.7,15.4,19.8,77.8,7.7,31.1,38.8,23.6,14.8,7.5,5.5,4.6,19.9,18.4,2.5,2011-2012
11,Denver Nuggets,66,38,28,0.576,48.6,104.1,39,81.9,47.6,6.6,19.9,33.2,19.6,26.7,73.5,11.2,31.9,43.1,24,15.4,8.2,5,6.7,19.7,22,2.9,2011-2012
12,Orlando Magic,66,37,29,0.561,48.4,94.2,34.5,78.2,44.1,10.2,27,37.5,15.1,22.8,66,11.2,31.2,42.5,20,14.9,6.8,4.2,4.1,17.7,19.8,0.8,2011-2012
13,Utah Jazz,66,36,30,0.545,49,99.7,38.2,83.8,45.6,4.1,12.8,32.3,19.1,25.3,75.4,13,31.1,44.2,21.8,14.2,8.3,5.8,5.7,21.8,20.7,0.6,2011-2012
13,Dallas Mavericks,66,36,30,0.545,48.7,95.8,36.3,82,44.3,7.5,22.2,33.9,15.6,20.2,77.1,10.1,32.7,42.8,20.9,14,8.6,5.1,4,18.6,18.4,1,2011-2012
13,New York Knicks,66,36,30,0.545,48.3,97.8,35.8,80.8,44.3,7.8,23.3,33.6,18.3,24.8,74.1,11.3,30.5,41.7,20.1,16,9.4,4.2,5.1,21.1,21.8,3.2,2011-2012
16,Philadelphia 76ers,66,35,31,0.53,48.2,93.6,37.4,83.6,44.8,5.3,14.6,36.2,13.5,18.2,74.2,10.7,32.5,43.2,22,11.2,8,5.2,4.8,17.5,16.2,4.2,2011-2012
17,Houston Rockets,66,34,32,0.515,48.7,98.1,37.7,84,44.9,7.2,20.2,35.9,15.4,19.7,78.2,11.7,30.5,42.2,21.3,14.5,7.5,4.8,5.2,20.4,18.4,0.2,2011-2012
18,Phoenix Suns,66,33,33,0.5,48,98.4,37.8,82.5,45.8,6.7,19.6,34.3,16,21.2,75.7,10.9,30.8,41.7,22.5,14.1,6.5,5.5,4.4,18.7,19.6,-0.2,2011-2012
19,Milwaukee Bucks,66,31,35,0.47,48.1,99,37.9,85.6,44.3,6.6,19.2,34.5,16.6,21.4,77.4,12.4,30,42.5,23.5,14.1,8.3,5.1,4.5,19.3,19.4,0.3,2011-2012
20,Portland Trail Blazers,66,28,38,0.424,48.4,97.2,36.4,82.1,44.3,7.2,20.9,34.6,17.2,21.6,79.6,11.1,29.5,40.7,20.4,14.2,8,4.9,4.8,19,19.8,-0.6,2011-2012
21,Minnesota Timberwolves,66,26,40,0.394,48.3,97.9,35.7,82.3,43.3,7.2,21.6,33.2,19.4,25.2,77.1,12.1,31.7,43.7,19.5,15.2,6.6,4.4,5.7,18.4,21.7,-2.2,2011-2012
22,Detroit Pistons,66,25,41,0.379,48.4,90.9,34.7,79.3,43.8,4.8,13.9,34.6,16.6,22.1,75.2,11.7,28.5,40.3,18.7,15.7,7,4.2,5.3,19.6,19.4,-4.8,2011-2012
23,Golden State Warriors,66,23,43,0.348,48.2,97.8,37.7,82.5,45.7,7.9,20.5,38.8,14.4,18.7,77,9.7,29.5,39.2,22.3,13.9,8,5.5,5,21.4,16.6,-3.4,2011-2012
23,Toronto Raptors,66,23,43,0.348,48.4,90.7,34.4,78.1,44,5.5,16.3,34,16.4,21.4,77,10.6,31.4,42,20.9,15.2,6.5,4.9,4.9,23.2,18.4,-3.3,2011-2012
25,New Jersey Nets,66,22,44,0.333,48.2,93.1,34.3,80.6,42.5,7.7,22.4,34.2,16.9,21.7,77.7,11.9,28.5,40.3,19.9,15.1,7.5,3.9,5,19.2,19.3,-6,2011-2012
25,Sacramento Kings,66,22,44,0.333,48.2,98.8,37.7,86.5,43.6,6.2,19.7,31.6,17.1,23.2,73.6,13.4,29.5,42.9,19.3,14.4,8.5,4.9,6.4,19.5,19.9,-5.7,2011-2012
27,Cleveland Cavaliers,66,21,45,0.318,48.4,93,34.3,81.2,42.2,6.7,19.3,34.6,17.8,24.9,71.6,12.7,29.5,42.3,19.8,15.4,7.1,4,6.2,20,20.9,-7.2,2011-2012
27,New Orleans Hornets,66,21,45,0.318,48.3,89.6,34.8,77.3,45.1,3.9,11.8,33.3,16,21.2,75.7,11,30.2,41.1,20.7,15.5,7.4,4.8,5.8,20.1,18.7,-3.8,2011-2012
29,Washington Wizards,66,20,46,0.303,48.1,93.6,36.6,83,44.1,5.2,16.3,32,15.3,21,72.7,11.7,29.9,41.7,19.1,15.3,8,6.3,4.5,21.3,18.7,-4.8,2011-2012
30,Charlotte Bobcats,66,7,59,0.106,48.2,87,33.2,80.2,41.4,4,13.5,29.5,16.5,22.2,74.6,10.3,28.7,39,20.1,14.5,6,5.5,5.7,18.9,20.3,-13.9,2011-2012
1,Chicago Bulls,82,62,20,0.756,48.4,98.6,37.1,80.3,46.2,6.2,17.3,36.1,18.2,24.5,74.3,11.8,32.4,44.2,22.3,14.2,7.2,5.7,5.8,20,20.1,7.3,2010-2011
2,San Antonio Spurs,82,61,21,0.744,48.2,103.7,38.4,80.8,47.5,8.4,21.1,39.7,18.5,24.2,76.7,10.1,31.7,41.9,22.4,13.4,7.3,4.5,4.6,19,20.7,5.7,2010-2011
3,Miami Heat,82,58,24,0.707,48.2,102.1,37,76.8,48.1,6.7,18,37,21.5,27.9,76.9,9.6,32.5,42.1,20,13.9,6.6,5.2,3,20.4,21.8,7.5,2010-2011
4,Dallas Mavericks,82,57,25,0.695,48.1,100.2,37.4,78.8,47.5,7.9,21.6,36.5,17.5,22.6,77.7,9.5,31.9,41.4,23.8,14,6.8,4.3,3.7,19.2,20.1,4.2,2010-2011
4,Los Angeles Lakers,82,57,25,0.695,48.4,101.5,38.1,82.4,46.3,6.4,18.1,35.2,18.8,24.1,77.9,12.1,31.9,44,22,13.1,7.3,5.1,4.5,19,20.7,6.1,2010-2011
6,Boston Celtics,82,56,26,0.683,48.2,96.5,36.9,75.8,48.6,5,13.6,36.5,17.8,23.1,77,7.8,31,38.8,23.4,14.6,8.2,4.2,4.4,20.5,20.2,5.4,2010-2011
7,Oklahoma City Thunder,82,55,27,0.671,48.8,104.8,37.4,80.6,46.4,5.9,17.1,34.7,24.1,29.3,82.3,11,31.8,42.8,20.4,14.1,8,5.9,4.3,22.4,21.5,3.8,2010-2011
8,Orlando Magic,82,52,30,0.634,48.4,99.2,36,78.2,46.1,9.4,25.6,36.6,17.7,25.6,69.2,10.5,32.7,43.2,20,14.9,6.7,4.7,3.8,20,21.8,5.5,2010-2011
9,Denver Nuggets,82,50,32,0.61,48.1,107.5,38.4,80.6,47.6,8.1,20.8,38.8,22.7,29.6,76.5,9.6,32.3,42,22.1,14.1,7.4,4.3,6,21,22.7,4.8,2010-2011
10,Portland Trail Blazers,82,48,34,0.585,48.3,96.3,36,80.5,44.7,6.3,18.3,34.5,18,22.4,80.4,12.1,27.2,39.3,21.2,13,8,4.4,4.1,19.3,21.3,1.5,2010-2011
11,Memphis Grizzlies,82,46,36,0.561,48.5,99.9,39,82.9,47.1,3.8,11.3,33.4,18.1,24.2,75,11.8,29.2,41,20.6,14,9.4,5.4,6.2,20.8,21.4,2.3,2010-2011
11,New Orleans Hornets,82,46,36,0.561,48.4,94.9,35.9,78.2,45.9,5.4,15,36,17.7,23.1,76.5,10,30.1,40.1,20.6,13,7.6,4.4,4.8,21,20.4,0.9,2010-2011
13,Atlanta Hawks,82,44,38,0.537,48.1,95,36.2,78.4,46.2,6.1,17.4,35.2,16.4,21.1,77.9,9.3,30,39.3,22,13.6,6.1,4.2,4.2,19,18.5,-0.8,2010-2011
14,Houston Rockets,82,43,39,0.524,48.5,105.9,38.7,85.1,45.4,8.3,22.5,36.7,20.3,25.4,80.1,11.7,31.1,42.8,23.8,13.5,7.1,4.5,5.5,20,21.4,2.2,2010-2011
15,New York Knicks,82,42,40,0.512,48.2,106.5,38.3,83.7,45.7,9.3,25.4,36.8,20.6,25.5,80.9,10.3,30.1,40.5,21.4,13.7,7.6,5.8,4.4,21.3,20.8,0.8,2010-2011
16,Philadelphia 76ers,82,41,41,0.5,48.6,99,38.1,82.6,46.1,5.4,15.2,35.5,17.4,22.6,77,10.4,31.4,41.8,22.7,13,7.6,4.3,4.6,19.4,18.8,1.5,2010-2011
17,Phoenix Suns,82,40,42,0.488,48.8,105,39.3,83.5,47,8.5,22.6,37.7,18,23.6,75.9,10,30.2,40.2,23.7,14.3,6.6,4.4,4.3,20.3,21.2,-0.9,2010-2011
18,Utah Jazz,82,39,43,0.476,48.5,99.4,37.4,80.4,46.5,5.3,15.3,34.6,19.4,25.1,77.1,11,28.5,39.5,23.4,14.3,7.7,5.9,5,22.7,22,-1.8,2010-2011
19,Indiana Pacers,82,37,45,0.451,48.2,99.8,36.6,82.8,44.2,7.1,20.2,35.4,19.4,24.8,78.2,11.1,32.4,43.5,19.6,15.4,7.1,5.6,5.7,21.7,21.4,-1.1,2010-2011
20,Golden State Warriors,82,36,46,0.439,48.4,103.4,39.6,85.9,46.1,8.4,21.3,39.2,15.7,20.7,76.1,11.6,28.9,40.5,22.5,14.6,9,5,4.3,22,18.4,-2.3,2010-2011
21,Milwaukee Bucks,82,35,47,0.427,48.4,91.9,34.3,79.8,43,5.9,17.2,34.2,17.4,22.9,75.7,10.5,30.2,40.8,18.8,13.5,7.5,4.9,4.8,20.5,20.7,-0.8,2010-2011
22,Charlotte Bobcats,82,34,48,0.415,48.3,93.3,35,77.6,45.1,4.8,14.7,32.7,18.4,24.4,75.6,10.3,29.8,40.1,21.1,14.5,6.4,5.3,6,20,21.1,-4,2010-2011
23,Los Angeles Clippers,82,32,50,0.39,48.4,98.6,36.8,80.4,45.7,6.3,18.5,33.8,18.9,26.7,70.7,11.6,30.5,42.1,22.1,16.4,7.1,4.9,4.9,21.1,22.1,-3.1,2010-2011
24,Detroit Pistons,82,30,52,0.366,48.5,97,37.3,81.1,46,5.8,15.3,37.6,16.7,22.6,73.7,11.4,27.3,38.6,21.1,13,7.3,4,4.6,19.9,18.8,-3.6,2010-2011
25,New Jersey Nets,82,24,58,0.293,48.8,94.2,35.6,81,44,5.6,16.3,34.3,17.4,22.9,75.9,11.1,29.8,40.8,21,14,5.6,4.7,4.6,22,20,-6.2,2010-2011
25,Sacramento Kings,82,24,58,0.293,48.4,99.4,38.2,85.1,44.9,5.2,15.6,33.5,17.7,24.2,73.4,13.1,30.8,43.9,20.4,16.1,7.4,4.8,5.7,22,21,-5.3,2010-2011
27,Washington Wizards,82,23,59,0.28,48.6,97.3,37.2,84,44.3,4.8,14.4,33.2,18.2,24.4,74.5,12.4,29,41.3,19.4,15.3,8.1,6.1,5,22.6,20.3,-7.4,2010-2011
28,Toronto Raptors,82,22,60,0.268,48.2,99.1,38.3,82.4,46.5,4.2,13.3,31.6,18.2,24.1,75.5,11.7,28.6,40.3,21.9,14.7,7.1,4.3,5.6,22,19.8,-6.3,2010-2011
29,Cleveland Cavaliers,82,19,63,0.232,48.2,95.5,35.2,81.1,43.4,6.2,18.2,34.2,18.9,25.3,74.5,10.4,29.9,40.3,21,14.2,6.6,4.2,6,20.1,21.3,-9,2010-2011
30,Minnesota Timberwolves,82,17,65,0.207,48.2,101.1,37.7,85.5,44.1,7.2,19.1,37.6,18.5,24.1,76.8,13.2,31.2,44.4,20.1,17,7.2,5.1,5.5,22.3,20.9,-6.6,2010-2011
1,Cleveland Cavaliers,82,61,21,0.744,48.2,102.1,37.8,77.9,48.5,7.3,19.3,38.1,19.1,26.6,72,9.6,32.8,42.5,22.4,13.9,6.9,5.2,4,19.4,20.8,6.5,2009-2010
2,Orlando Magic,82,59,23,0.72,48.1,102.8,36.6,78,47,10.3,27.3,37.5,19.2,26.5,72.4,9.9,33.4,43.2,19.7,14.1,6.2,5.6,3.5,19.9,22.2,7.5,2009-2010
3,Los Angeles Lakers,82,57,25,0.695,48.4,101.7,38.3,83.8,45.7,6.5,19,34.1,18.5,24.2,76.5,11.9,32.5,44.3,21.1,13.4,7.5,4.9,4.4,19.4,21.2,4.7,2009-2010
4,Dallas Mavericks,82,55,27,0.671,48.5,102,38.3,82.4,46.4,6.8,18.3,37.2,18.6,22.8,81.6,10.2,31.5,41.7,23.4,12.9,7.6,5.5,4.1,19.1,20.1,2.7,2009-2010
5,Phoenix Suns,82,54,28,0.659,48.1,110.2,40.7,82.8,49.2,8.9,21.6,41.2,19.9,25.8,77,11.1,31.9,43,23.3,14.8,5.8,5.1,4.5,20.9,21.8,4.9,2009-2010
6,Atlanta Hawks,82,53,29,0.646,48.4,101.7,38.8,82.9,46.8,6.4,17.7,36,17.7,23.3,75.9,11.8,29.9,41.7,21.8,12,7.2,5,4.4,19.9,19.3,4.7,2009-2010
6,Denver Nuggets,82,53,29,0.646,48.2,106.5,38.1,81.4,46.8,6.6,18.5,35.9,23.6,30.6,77.2,10.8,30.5,41.4,21,13.9,8.3,5.1,5.3,22.5,23.7,4.1,2009-2010
6,Utah Jazz,82,53,29,0.646,48.2,104.2,39.4,80.2,49.1,5.4,14.7,36.4,20.2,27.2,74.1,10.6,31.6,42.2,26.7,15.2,8.2,4.9,5.4,22.7,22.2,5.3,2009-2010
9,San Antonio Spurs,82,50,32,0.61,48.2,101.4,38.4,81.2,47.3,6.8,18.9,35.8,17.8,24,74,10.8,32,42.8,22.3,13.6,6.3,4.6,5.1,20.4,20.4,5.1,2009-2010
9,Oklahoma City Thunder,82,50,32,0.61,48.3,101.5,37.4,80.8,46.2,5.1,15,34,21.7,27,80.5,11.7,31.8,43.5,20,15,8,5.9,4.7,21.3,21.4,3.5,2009-2010
9,Boston Celtics,82,50,32,0.61,48.2,99.2,37.1,76.8,48.3,6.1,17.5,34.8,19,25.5,74.6,8.7,29.9,38.6,23.5,14.9,8.5,4.9,4.7,22.1,21.7,3.7,2009-2010
9,Portland Trail Blazers,82,50,32,0.61,48.4,98.1,36.3,78.7,46.1,6,16.9,35.4,19.6,24.8,79,11.1,29.1,40.2,20.4,12.3,6.4,4.3,4.1,20.9,21.5,3.3,2009-2010
13,Miami Heat,82,47,35,0.573,48.5,96.5,36.4,79.5,45.8,6,17.4,34.6,17.7,23.5,75.2,10.7,31.1,41.8,18.9,13.2,7.4,5.6,4.3,20.9,20,2.3,2009-2010
14,Milwaukee Bucks,82,46,36,0.561,48.7,97.7,37.2,85.3,43.6,7.9,22.1,35.6,15.4,20.4,75.5,11.8,31.2,43,21.2,13.2,7.1,4.7,5.1,22.2,20.3,1.7,2009-2010
15,Charlotte Bobcats,82,44,38,0.537,48.5,95.3,34.9,76.9,45.3,5.6,16.2,34.6,20,26.6,75.1,10.5,30.4,40.8,20.2,15.7,7.7,5.4,6.1,19.5,22,1.5,2009-2010
16,Houston Rockets,82,42,40,0.512,48.5,102.4,37.7,84.4,44.7,7.9,22.4,35.1,19,24.7,77.2,11.8,30.1,42,21.8,14.5,7.1,3.9,6.5,20.9,22.4,-0.4,2009-2010
17,Chicago Bulls,82,41,41,0.5,48.5,97.5,37.6,83.2,45.1,4.3,13,33,18,23.9,75.4,11.4,33.1,44.5,20.8,14.3,6.5,5.8,5.3,20.1,20,-1.6,2009-2010
18,Memphis Grizzlies,82,40,42,0.488,48.5,102.5,39.3,83.8,46.9,4.2,12.4,33.7,19.7,26.9,73.3,13,30.4,43.5,18.8,15.2,7.9,4.9,6.1,20.2,22.4,-1.5,2009-2010
18,Toronto Raptors,82,40,42,0.488,48.2,104.1,39,80.9,48.2,6.3,17,37.1,19.7,25.8,76.4,9.8,30.6,40.4,22,13.4,5.7,4.7,4.4,22.2,21.1,-1.8,2009-2010
20,New Orleans Hornets,82,37,45,0.451,48.4,100.2,38.8,83.4,46.4,7,19.2,36.3,15.8,20.3,77.8,10.4,29.9,40.3,22.3,13.5,7.6,3.7,4.5,19.6,19.5,-2.5,2009-2010
21,Indiana Pacers,82,32,50,0.39,48.1,100.8,36.8,83.2,44.3,8,23.1,34.8,19.1,24.6,77.5,9.6,31.9,41.5,21.1,15,7.1,5.4,5,22.5,20.8,-3,2009-2010
22,New York Knicks,82,29,53,0.354,48.5,102.1,38.1,83.9,45.5,9.1,26.2,34.6,16.8,21.5,78.2,10.2,30.2,40.4,21.6,14,7.1,3.7,4.5,20,19.2,-3.8,2009-2010
22,Los Angeles Clippers,82,29,53,0.354,48.1,95.7,36.6,80.5,45.5,5.9,17.8,33.2,16.6,22.8,73,11.3,30.5,41.8,22.1,15.7,6.5,5.7,4.4,19.3,19.4,-6.4,2009-2010
24,Philadelphia 76ers,82,27,55,0.329,48.3,97.7,37.6,81.8,46,5.8,16.8,34.3,16.7,22,75.6,11.5,29.5,41,21,14.5,8.1,5.4,4,20.5,18.7,-3.9,2009-2010
24,Detroit Pistons,82,27,55,0.329,48.2,94,35.9,80.5,44.5,4.6,14.5,31.4,17.7,24.4,72.8,12.8,27.3,40.2,19.4,13.4,7.3,3.8,4.9,22.2,20.8,-5.1,2009-2010
26,Golden State Warriors,82,26,56,0.317,48.1,108.8,40.6,86.5,46.9,7.7,20.6,37.5,19.9,25.4,78.2,9.2,29.2,38.4,22.4,14.7,9.3,4.1,5,23,21.4,-3.6,2009-2010
26,Washington Wizards,82,26,56,0.317,48.4,96.2,36.7,81.7,44.9,5.3,14.9,35.3,17.6,23.1,76.2,11.8,30,41.8,19,14.9,6,5.1,5.1,21.4,20.5,-4.8,2009-2010
28,Sacramento Kings,82,25,57,0.305,48.5,100,38.3,84.1,45.6,5.9,16.9,34.9,17.4,24,72.6,11.9,30.7,42.6,20.5,15,6.9,4.5,5.7,22.3,20.1,-4.4,2009-2010
29,Minnesota Timberwolves,82,15,67,0.183,48.2,98.2,37.9,84.4,44.9,4.9,14.4,34.1,17.5,23.5,74.6,11.7,31.2,42.9,19.8,16.3,7.3,3.7,5.4,20.7,20.6,-9.6,2009-2010
30,New Jersey Nets,82,12,70,0.146,48.2,92.4,34.3,79.9,42.9,4.6,14.5,31.8,19.2,24.6,78,10.9,28.8,39.7,18.8,14.4,7,4.8,5.1,20,20.1,-9.1,2009-2010
1,Cleveland Cavaliers,82,66,16,0.805,48.2,100.3,36.9,78.7,46.8,8,20.4,39.3,18.6,24.5,75.7,10.8,31.4,42.2,20.3,12.7,7.2,5.3,4.1,20.3,20.3,8.9,2008-2009
2,Los Angeles Lakers,82,65,17,0.793,48.2,106.9,40.3,85.1,47.4,6.7,18.5,36.1,19.6,25.5,77,12.4,31.5,43.9,23.3,13.5,8.8,5.1,4.8,20.7,22.1,7.7,2008-2009
3,Boston Celtics,82,62,20,0.756,48.5,100.9,37.5,77.2,48.6,6.6,16.5,39.7,19.4,25.3,76.5,10.6,31.5,42.1,22.7,15.6,7.6,4.7,4.7,23.1,22.2,7.5,2008-2009
4,Orlando Magic,82,59,23,0.72,48.1,101,35.7,78.2,45.7,10,26.2,38.1,19.6,27.5,71.5,10,33.3,43.3,19.4,13.9,7,5.4,3.8,20.3,22.4,6.7,2008-2009
5,Denver Nuggets,82,54,28,0.659,48.1,104.3,37.3,79.4,47,6.7,18,37.1,23.1,30.3,76,11,30.6,41.6,22.2,15.3,8.7,6,5.5,22.9,23.7,3.4,2008-2009
5,Portland Trail Blazers,82,54,28,0.659,48.4,99.4,36.8,79.2,46.5,7.3,19,38.3,18.5,24.2,76.5,12.9,28.8,41.7,20.3,12.9,6.7,4.9,3.9,20.4,21.1,5.3,2008-2009
5,San Antonio Spurs,82,54,28,0.659,48.5,97,37.1,79.7,46.6,7.6,19.8,38.6,15.2,20,76.1,8.9,32.2,41,21.2,11.7,5.8,4,4.3,18.9,18.4,3.8,2008-2009
8,Houston Rockets,82,53,29,0.646,48.3,98.4,36.1,79.6,45.3,7.6,20.2,37.5,18.7,23.2,80.5,10.5,32.5,43,20.3,14.1,6.7,4.3,5.3,18.9,20.6,4,2008-2009
9,Dallas Mavericks,82,50,32,0.61,48.3,101.7,38.1,82.6,46.2,7,19.9,35,18.5,22.6,81.9,11.1,31.6,42.7,21.7,12.7,7.2,5.2,4.1,19.5,20.1,2,2008-2009
10,New Orleans Hornets,82,49,33,0.598,48.2,95.8,35.5,77.6,45.7,6.8,18.6,36.4,18,22.4,80.7,9.8,29.9,39.7,19.6,12.5,7.2,4.1,3.5,20.3,20.4,1.5,2008-2009
11,Utah Jazz,82,48,34,0.585,48.5,103.6,38.3,80.8,47.5,4.8,13.7,34.9,22.1,28.7,77.1,11.5,29.5,41,24.7,14.8,8.8,4.6,5.2,22.3,24,2.6,2008-2009
12,Atlanta Hawks,82,47,35,0.573,48.1,98.1,36,78.7,45.8,7.3,19.9,36.6,18.7,25.4,73.7,10.6,29.4,40,20.2,12.8,7.4,4.6,4.3,19.6,20.5,1.6,2008-2009
13,Phoenix Suns,82,46,36,0.561,48.2,109.4,41.1,81.6,50.4,6.7,17.6,38.3,20.4,27.5,74.4,11,30.7,41.7,23.2,15.7,7.2,5.1,4.5,20.6,22.9,1.9,2008-2009
14,Miami Heat,82,43,39,0.524,48.7,98.3,37,81,45.7,7.1,19.9,35.7,17.2,22.8,75.4,10.1,29.4,39.5,20.4,12.5,7.9,5.5,4.1,20.7,19.9,0.3,2008-2009
15,Chicago Bulls,82,41,41,0.5,48.6,102.2,38.1,83.5,45.7,6,15.8,38.1,19.9,25,79.6,11.8,30.3,42.1,21.1,14.5,7.5,5.5,5.5,20.8,20.8,-0.3,2008-2009
15,Philadelphia 76ers,82,41,41,0.5,48.2,97.4,36.5,79.7,45.9,4.2,13.1,31.8,20.1,27,74.5,12.7,28.5,41.2,20.1,14.1,8,5.1,4.9,20.1,21.8,0.1,2008-2009
17,Detroit Pistons,82,39,43,0.476,48.5,94.2,36.4,80,45.4,4.6,13.2,34.9,16.9,22.5,75.1,11.6,29.9,41.4,20.6,11.9,6,4.6,4.2,20.9,19.7,-0.5,2008-2009
18,Indiana Pacers,82,36,46,0.439,48.4,105.1,39.3,86.3,45.5,8,21,37.8,18.6,23,80.7,11.3,32.5,43.7,21.6,14.5,7,5.3,5.4,23.1,20.6,-1.1,2008-2009
19,Charlotte Bobcats,82,35,47,0.427,48.6,93.6,35,76.8,45.5,6,16.3,36.6,17.7,24,74,10.8,28.9,39.7,21.2,15.6,7.1,4.8,6,21.4,20.9,-1.3,2008-2009
20,New Jersey Nets,82,34,48,0.415,48.4,98.1,35.7,79.7,44.8,8,21.2,37.6,18.8,24.1,77.9,10.4,29.5,39.8,20,13.1,6.8,4.8,4.8,22.4,20.5,-2.4,2008-2009
20,Milwaukee Bucks,82,34,48,0.415,48.2,99.3,36.7,82.4,44.5,6.2,17.2,36.3,19.7,25.2,78,11.9,28.9,40.7,22,14.1,7.4,3.8,4.6,24.2,22.5,-1.1,2008-2009
22,Toronto Raptors,82,33,49,0.402,48.3,99,37.2,81.4,45.8,5.8,15.7,37.2,18.7,22.7,82.4,9.8,30.6,40.4,22.4,13.4,6.4,4.8,4.7,19.4,20.1,-2.8,2008-2009
23,New York Knicks,82,32,50,0.39,48.3,105.2,38.5,86.5,44.5,10,27.9,36,18.2,23.2,78.4,11.1,31,42.1,21.2,14.3,7.4,2.5,5.3,20.4,19.4,-2.6,2008-2009
24,Golden State Warriors,82,29,53,0.354,48.5,108.6,39.4,86,45.8,6.7,18,37.3,23.1,29.2,79.1,11.6,30.4,42,20.9,14.6,7.8,6.4,5,22.5,23.5,-3.7,2008-2009
25,Minnesota Timberwolves,82,24,58,0.293,48.3,97.8,36.4,82.5,44.1,6.6,18.8,35.3,18.3,23.9,76.9,11.9,29.8,41.7,20.4,14.2,6.2,3.9,5.9,21.8,20,-4.9,2008-2009
25,Memphis Grizzlies,82,24,58,0.293,48.3,93.9,34.9,77,45.4,4.9,13.5,36,19.1,25.3,75.6,10.3,28.5,38.8,17.4,15.3,7.5,4.7,5.4,21.7,21.8,-5.5,2008-2009
27,Oklahoma City Thunder,82,23,59,0.28,48.3,97,36.6,81.9,44.7,4,11.6,34.6,19.8,25.2,78.6,12.2,30.5,42.6,20.3,16.2,7.4,4.5,5,20.2,20.2,-6.1,2008-2009
28,Los Angeles Clippers,82,19,63,0.232,48.5,95.1,36,81.7,44.1,6.5,18.5,35.4,16.5,22.4,73.6,10.9,29,39.8,21,14.9,7,5.9,5,20.1,19.6,-8.8,2008-2009
28,Washington Wizards,82,19,63,0.232,48.1,96.1,36.5,81.2,45,4.8,14.6,33,18.2,23.8,76.7,11.7,28.4,40.1,20,14,7.5,4.5,5.3,20.5,20,-7.5,2008-2009
30,Sacramento Kings,82,17,65,0.207,48.5,100.6,36.5,81.5,44.7,7.1,19.4,36.8,20.5,25.7,79.8,10.2,28.9,39.1,19.7,15.4,6.9,4.3,5.2,23.3,21.2,-8.8,2008-2009
1,Boston Celtics,82,66,16,0.805,48.2,100.5,36.4,76.7,47.5,7.3,19.1,38.1,20.5,26.5,77.1,10.1,31.9,42,22.4,15.2,8.5,4.6,4.7,22.7,22.2,10.3,2007-2008
2,Detroit Pistons,82,59,23,0.72,48.1,97.5,36.6,79.9,45.8,5.9,16.2,36.6,18.4,24,76.7,11.9,29.5,41.4,22.3,11.7,7.1,5.8,3.9,20.6,19.7,7.4,2007-2008
3,Los Angeles Lakers,82,57,25,0.695,48.2,108.6,39.6,83.1,47.6,8.1,21.4,37.8,21.3,27.7,76.9,11,33.2,44.1,24.4,14.1,8,5.3,4.5,20.6,22.6,7.3,2007-2008
4,San Antonio Spurs,82,56,26,0.683,48.1,95.4,35.8,78.3,45.7,7.2,19.6,36.9,16.5,21.6,76.1,9.4,31.9,41.3,21,12.6,6.4,4.1,4.4,18.7,19.8,4.8,2007-2008
4,New Orleans Hornets,82,56,26,0.683,48.3,100.9,38.6,82.9,46.6,7.7,19.8,38.9,16,20.8,76.9,11.4,30.4,41.8,21.8,11.9,7.8,3.9,4,18.7,19.2,5.3,2007-2008
6,Houston Rockets,82,55,27,0.671,48.1,96.7,36.6,81.7,44.8,7.1,20.8,34.2,16.4,22.5,72.6,12.2,32.4,44.6,21.4,13.7,7.3,5.1,4.6,19.6,19.7,4.7,2007-2008
6,Phoenix Suns,82,55,27,0.671,48.2,110.1,41.4,82.7,50,8.5,21.5,39.3,18.9,24.1,78.3,8.8,32.7,41.5,26.7,14.4,6.5,6.3,3.8,19.9,21.1,5,2007-2008
8,Utah Jazz,82,54,28,0.659,48.1,106.2,40,80.4,49.7,5,13.4,37.2,21.3,28,75.9,11.5,29.4,40.9,26.4,14.6,8.7,4.3,5.1,24,23.1,6.9,2007-2008
9,Orlando Magic,82,52,30,0.634,48.2,104.5,37.3,78.6,47.4,9.8,25.3,38.6,20.1,27.9,72.1,9.4,32.6,42,20.8,14.3,6.3,4.1,4.2,20.6,23.1,5.5,2007-2008
10,Dallas Mavericks,82,51,31,0.622,48.1,100.4,36.9,79.5,46.4,6,17.1,35.2,20.6,25.3,81.4,10.8,32.2,43,21,12.6,6,4.9,4.4,21.8,21.2,4.5,2007-2008
11,Denver Nuggets,82,50,32,0.61,48.4,110.7,40.3,85.8,47,6.9,19.6,35.5,23.1,30.7,75.1,11.2,32.9,44.1,24.7,14.7,9.2,6.7,4.8,21.1,23.8,3.7,2007-2008
12,Golden State Warriors,82,48,34,0.585,48.2,111,41.5,90.3,45.9,9.3,26.6,34.8,18.8,24.9,75.2,12.7,30.4,43.2,22.4,13.2,9.1,4.6,5,22.9,21.2,2.2,2007-2008
13,Cleveland Cavaliers,82,45,37,0.549,48.4,96.4,35.8,81.7,43.9,6.7,18.8,35.8,18,25.1,71.7,13.3,31.3,44.6,20,14,7.1,5.2,4.7,20.9,20.3,-0.4,2007-2008
14,Washington Wizards,82,43,39,0.524,48.5,98.8,36.4,81.6,44.6,7,19.7,35.6,19,24.3,78.2,12.3,29.3,41.6,19.6,13.2,7.7,4.8,4.4,19.6,20.2,-0.3,2007-2008
15,Portland Trail Blazers,82,41,41,0.5,48.5,95.4,35.8,79.8,44.8,6.6,17.4,37.7,17.2,22.5,76.7,11,29.7,40.7,21.1,12.9,5.5,4.4,3.7,20,20.2,-1,2007-2008
15,Toronto Raptors,82,41,41,0.5,48.4,100.2,38.4,82,46.8,7,17.8,39.2,16.4,20.2,81.2,9.6,30.4,40.1,23.8,11.7,7,4.1,4.1,19.5,18.4,2.9,2007-2008
17,Philadelphia 76ers,82,40,42,0.488,48.2,96.6,37.3,81.1,46,3.7,11.6,31.7,18.4,26.1,70.6,13,28.9,41.9,20.4,14.3,8.7,4.9,5.1,19.8,20.8,0.4,2007-2008
18,Sacramento Kings,82,38,44,0.463,48.4,102.5,37.1,80,46.4,6.2,16.7,37.3,22.1,27.7,79.8,10.1,30,40.1,19.1,16.1,7.9,4.1,5.5,22.4,23.1,-2.3,2007-2008
19,Atlanta Hawks,82,37,45,0.451,48.4,98.2,36.3,79.9,45.4,4.7,13.1,35.6,21,27.2,77.2,12.3,29.9,42.2,22,14.9,7.3,5.5,5.1,20.4,21.9,-1.8,2007-2008
20,Indiana Pacers,82,36,46,0.439,48.2,104,37.8,85.3,44.4,9.2,24.6,37.4,19.1,24.9,76.8,11,32.1,43.1,22.7,15.1,7.6,5,5.1,23.4,21.7,-1.4,2007-2008
21,New Jersey Nets,82,34,48,0.415,48.4,95.8,34.8,78.7,44.3,6.1,17.4,34.8,20.1,27.3,73.6,11.1,30.7,41.9,23.5,15,6.4,4.8,4.4,22.6,22.4,-5.1,2007-2008
22,Chicago Bulls,82,33,49,0.402,48.3,97.3,36.4,83.7,43.5,5.8,15.9,36.3,18.7,24.7,75.6,12.8,30.2,43,22.1,14.6,7.7,5.2,5.7,21.8,21.3,-3.1,2007-2008
23,Charlotte Bobcats,82,32,50,0.39,48.5,97.1,36.1,79.9,45.2,6.5,17.6,36.7,18.4,25.8,71.4,10.9,29.8,40.6,21.3,14.7,7.5,4.9,5.8,21.7,21,-4.4,2007-2008
24,Milwaukee Bucks,82,26,56,0.317,48.4,97,36.9,82.3,44.9,5.5,16,34.4,17.7,24.1,73.3,12.9,28.8,41.7,21.5,14.8,6.6,4.4,4.9,21.3,21.1,-6.9,2007-2008
25,New York Knicks,82,23,59,0.28,48.5,96.9,36.2,82.4,43.9,6,17.7,33.7,18.6,25.5,72.7,12.5,30,42.5,18.7,14.5,6.4,2.6,5.2,21.5,20.3,-6.6,2007-2008
25,Los Angeles Clippers,82,23,59,0.28,48.3,93.8,34.4,78.6,43.8,4.3,13.2,32.4,20.8,26.6,78.1,9.8,30.4,40.1,21.1,14.4,6.8,4.9,4.7,21.3,21.6,-7.3,2007-2008
27,Memphis Grizzlies,82,22,60,0.268,48.3,100.7,37.3,82.2,45.4,7.6,21.7,34.9,18.5,25.6,72.3,10.3,31.3,41.6,19.2,15.3,6.1,4.7,4.9,19.4,22.5,-6.2,2007-2008
27,Minnesota Timberwolves,82,22,60,0.268,48.1,95.6,37.5,83.1,45.1,5.4,15.4,35,15.2,20.6,73.6,11.8,29.6,41.4,19.9,14.5,7.5,3.7,5.7,23,17.5,-6.8,2007-2008
29,Seattle SuperSonics,82,20,62,0.244,48.4,97.5,38.1,85.8,44.4,3.8,11.5,33.3,17.5,22.8,77,11.8,32.8,44.6,21.3,16,6.5,4.9,5.4,20.5,19.6,-8.8,2007-2008
30,Miami Heat,82,15,67,0.183,48.4,91.4,34.2,77.3,44.3,6,16.7,35.8,16.9,23.2,72.7,9.1,28.6,37.6,20,14.7,7.2,4.3,4.2,20.4,20.1,-8.6,2007-2008
1,Dallas Mavericks,82,67,15,0.817,48.2,100,36.7,78.6,46.7,6.5,17.1,38.1,20.1,24.9,80.5,11.2,30.7,41.9,19.9,13.9,6.8,5,3.8,22.4,22.1,7.2,2006-2007
2,Phoenix Suns,82,61,21,0.744,48.5,110.2,41.3,83.6,49.4,9.6,24,39.9,18,22.3,80.8,9,31.5,40.5,25.9,14.5,6.7,4.8,3.7,20.2,21.5,7.3,2006-2007
3,San Antonio Spurs,82,58,24,0.707,48.2,98.5,36.6,77.2,47.4,7.3,19,38.1,18.1,24.1,75.1,9.3,31.4,40.7,22.1,13.9,7.2,5.1,4.1,19.4,21.2,8.4,2006-2007
4,Detroit Pistons,82,53,29,0.646,48.5,96,35.9,79.1,45.4,5.5,15.9,34.4,18.8,24.2,77.4,11.6,29,40.5,21.6,12.2,7.1,5.8,3.5,20.4,20.3,4.2,2006-2007
5,Houston Rockets,82,52,30,0.634,48.4,97,35.4,79.6,44.5,8.6,23.1,37.2,17.5,23.2,75.3,10.7,32.6,43.3,20.8,14.2,7.1,4.1,4.3,20.9,19.9,4.9,2006-2007
6,Utah Jazz,82,51,31,0.622,48.3,101.5,37.4,78.9,47.4,4.3,12.9,33.5,22.3,30,74.3,12.6,30,42.5,24.7,15.6,7,4.1,5.3,25.2,24.5,2.9,2006-2007
7,Cleveland Cavaliers,82,50,32,0.61,48.5,96.8,36.3,81.2,44.7,6,17.1,35.2,18.1,26,69.6,12.7,30.8,43.5,20.8,14.4,7.6,4.3,4.3,21.7,22,3.8,2006-2007
8,Chicago Bulls,82,49,33,0.598,48.2,98.8,37.1,81.3,45.7,5.9,15.1,38.8,18.6,25.4,73.4,12,31.7,43.7,22.3,16,7.8,5.4,5.3,23.3,23.2,5,2006-2007
9,Toronto Raptors,82,47,35,0.573,48.2,99.5,37,79.8,46.3,6.5,17.9,36.3,19,24.2,78.8,9.2,30.2,39.5,22.2,13.5,7.1,3.9,3.9,20.4,21.8,1,2006-2007
10,Denver Nuggets,82,45,37,0.549,48.2,105.4,38.6,83,46.5,5.9,17.6,33.6,22.3,29.9,74.6,12.2,31.2,43.4,23.4,16.5,8.3,5.3,5.2,21.4,23.7,1.6,2006-2007
11,Miami Heat,82,44,38,0.537,48.4,94.6,35.6,76.7,46.4,6.4,18.8,34.3,17,24.6,69,10,30.8,40.8,20.5,14.6,6.9,5.4,3.8,21.3,21.8,-0.9,2006-2007
12,Los Angeles Lakers,82,42,40,0.512,48.9,103.3,37.8,81.3,46.6,7.4,21,35.3,20.2,27.1,74.7,10.8,30.4,41.2,22.6,15.5,7.3,5.1,5,23,23.4,-0.1,2006-2007
12,Golden State Warriors,82,42,40,0.512,48.2,106.5,39.8,86,46.3,8.5,24,35.6,18.5,25.8,71.7,11.5,29.9,41.4,23.8,16,9.1,5.7,4.9,23.6,22.3,-0.3,2006-2007
14,New Jersey Nets,82,41,41,0.5,48.5,97.6,35.5,77.8,45.7,7.4,20.4,36.3,19.1,26.3,72.7,10,30.8,40.8,23.9,14.8,6.1,3.3,4.5,22.8,23,-0.8,2006-2007
14,Washington Wizards,82,41,41,0.5,48.4,104.3,37.4,83.2,45,6.8,19.7,34.8,22.6,29.6,76.5,12.2,29,41.2,20.2,13.8,7.7,4.6,4.6,22.2,23.5,-0.5,2006-2007
16,Orlando Magic,82,40,42,0.488,48.2,94.8,35.1,74.3,47.2,4.2,11.7,35.6,20.5,29.2,70.2,11.2,29.5,40.7,18.6,17,6.9,5.1,4.6,23.2,23.4,0.8,2006-2007
16,Los Angeles Clippers,82,40,42,0.488,48.1,95.6,35.1,77,45.6,3.8,11,34.8,21.6,27.4,78.8,10.8,30.3,41.1,21.5,15.1,7.3,5.8,3.9,22.7,22.3,-0.5,2006-2007
18,New Orleans Hornets,82,39,43,0.476,48.5,95.5,36.2,81.4,44.5,5.5,15.3,36.2,17.5,23.7,74,12.5,30.6,43.1,18.7,14.5,6.4,4.2,4.8,19.8,21.1,-1.6,2006-2007
19,Philadelphia 76ers,82,35,47,0.427,48.5,94.9,35.8,78.1,45.8,3.5,10,34.5,20,26,76.7,11,28.7,39.7,20.4,15.3,7.2,4.8,3.9,20.4,22,-3,2006-2007
19,Indiana Pacers,82,35,47,0.427,48.2,95.6,35,80,43.8,5.9,16.9,34.6,19.7,25.9,76,12.1,29.8,41.8,20.5,16.3,7.3,5.5,5,23.3,23.7,-2.4,2006-2007
21,New York Knicks,82,33,49,0.402,48.8,97.5,35.4,77.5,45.7,5.8,16.7,34.6,20.9,29.2,71.5,12.6,30.7,43.3,18.7,17.1,6.6,3.2,5,23.6,22.9,-2.9,2006-2007
21,Charlotte Bobcats,82,33,49,0.402,48.8,96.9,36.1,81,44.6,5.6,15.6,35.7,19.1,26,73.4,11.2,28.6,39.8,22.4,14.9,7.8,4.5,5.3,24.2,21.8,-3.7,2006-2007
21,Sacramento Kings,82,33,49,0.402,48.3,101.3,35.9,79.7,45,6.5,18.5,35,23.1,30.2,76.5,9.7,29.2,38.9,20.3,14.6,8.2,3.2,4.9,21.9,24.3,-1.8,2006-2007
24,Minnesota Timberwolves,82,32,50,0.39,48.8,96.1,36.5,79.3,46.1,4.7,13.3,35.3,18.3,23.1,79.2,10,30.2,40.1,22.5,15.6,6.5,4,4.4,21.4,20.5,-3.7,2006-2007
24,Portland Trail Blazers,82,32,50,0.39,48.7,94.1,35,78,45,5.2,15,34.6,18.8,24.5,76.9,11.3,28,39.3,18.5,15.1,6.8,4.6,4.6,23.5,21.3,-4.3,2006-2007
26,Seattle SuperSonics,82,31,51,0.378,48.4,99.1,37.2,80.8,46,6.4,17.7,36.2,18.4,23.3,79.1,11.3,28.3,39.6,20.7,15.5,7.7,3.7,4.2,22,19.9,-2.9,2006-2007
27,Atlanta Hawks,82,30,52,0.366,48.5,93.7,34.5,77.7,44.4,4.2,12.7,32.9,20.5,26.9,76.1,11.9,28.2,40.1,19.2,15.9,7.4,5.4,5.1,24,22.6,-4.8,2006-2007
28,Milwaukee Bucks,82,28,54,0.341,48.4,99.7,38.1,81.9,46.5,6.4,18,35.6,17.1,23.4,73.3,11.5,27.7,39.2,21.6,15.1,7.2,2.7,5.3,22.2,21,-4.4,2006-2007
29,Boston Celtics,82,24,58,0.293,48.4,95.8,34.9,78.7,44.3,5.7,15.6,36.7,20.4,26.6,76.7,11.2,29.2,40.4,19.9,16.5,7.2,4.7,5.5,24,21.4,-3.4,2006-2007
30,Memphis Grizzlies,82,22,60,0.268,48.7,101.6,36.6,78.6,46.5,6.1,16.6,36.7,22.4,29.4,76.1,10.6,29,39.5,20.5,16.4,6.9,5,5.5,22.3,24.3,-5.1,2006-2007
1,Detroit Pistons,82,64,18,0.78,48.4,96.8,36.4,80,45.5,6.8,17.7,38.4,17.3,23.8,72.7,11.9,28.6,40.5,24,11.4,7.1,6,3.5,18.5,20.9,6.7,2005-2006
2,San Antonio Spurs,82,63,19,0.768,48.3,95.6,36.5,77.3,47.2,6.4,16.6,38.5,16.2,23.1,70.2,10.4,31.1,41.5,20.9,13.7,6.6,5.7,4.2,20.9,20.6,6.8,2005-2006
3,Dallas Mavericks,82,60,22,0.732,48.5,99.1,36,77.7,46.2,5.1,13.6,37.4,22.2,28.3,78.3,12.6,29.6,42.2,18,13.6,7.2,6,4.9,22.4,23.6,6.1,2005-2006
4,Phoenix Suns,82,54,28,0.659,48.7,108.4,41.8,87.4,47.9,10.2,25.6,39.9,14.5,18,80.6,9.5,32.3,41.8,26.6,13.3,6.7,5,3.4,20.5,19.8,5.5,2005-2006
5,Miami Heat,82,52,30,0.634,48.2,99.9,37.1,77.5,47.8,6.1,17.6,34.5,19.7,28.2,70,10.5,32.6,43.1,20.6,14.5,6.4,5.4,3.6,22.8,23.6,3.9,2005-2006
6,Cleveland Cavaliers,82,50,32,0.61,48.4,97.6,35.5,78.2,45.4,6.1,17.9,33.9,20.6,28.3,72.9,11.7,30.6,42.3,19,13.9,6.9,4.8,4.4,21.1,22.5,2.2,2005-2006
7,New Jersey Nets,82,49,33,0.598,48.2,93.8,33.9,77,44,5.8,17.6,33,20.2,26.7,75.8,10,31,41,23,13.6,6.8,3.4,4,23.2,23,1.4,2005-2006
7,Memphis Grizzlies,82,49,33,0.598,48.4,92.2,33.5,74.7,44.8,7.2,19.2,37.4,18,25.3,71.1,10.2,29,39.2,19.3,13.8,7.3,5.4,5.6,21.4,22.8,3.7,2005-2006
9,Los Angeles Clippers,82,47,35,0.573,48.3,97.2,36.5,78.6,46.5,3.5,10.3,34.4,20.7,26.1,79.1,10.1,33,43.1,20.8,14.5,6.5,6.1,4.3,22.8,21.7,1.6,2005-2006
10,Los Angeles Lakers,82,45,37,0.549,48.4,99.4,36.5,80.6,45.3,6.7,19.3,34.9,19.7,26.5,74.5,11.8,30.3,42.2,21.1,13.9,7.7,4.3,4.3,23.1,23.5,2.5,2005-2006
11,Sacramento Kings,82,44,38,0.537,48.4,98.9,36,79.3,45.4,6,17.2,35.1,20.8,26.5,78.4,10.4,30.2,40.5,22.3,14.6,7.4,3.6,4.9,20.4,22.8,1.5,2005-2006
11,Denver Nuggets,82,44,38,0.537,48.6,100.3,37.5,81.4,46.1,4.3,13.1,32.5,21,28.2,74.4,11,30.3,41.3,23.4,14.8,8.5,5.6,5.3,22.7,23.3,0.2,2005-2006
13,Washington Wizards,82,42,40,0.512,48.4,101.7,36.3,81.2,44.7,6.1,17,35.7,23,30.4,75.7,12.6,28.6,41.2,18.6,13.9,8,4.1,4.2,22.6,25,1.9,2005-2006
14,Indiana Pacers,82,41,41,0.5,48.1,93.9,34,76.5,44.4,6.5,18.7,34.9,19.4,26.3,73.7,11,31.2,42.2,19.9,15.3,7.3,5,4.9,22.2,22,1.9,2005-2006
14,Utah Jazz,82,41,41,0.5,48.5,92.4,33.5,75.7,44.2,3.8,11.3,33.6,21.6,30.1,71.9,13.1,29,42.1,21.6,15.7,6.4,6,5.6,24.8,25.7,-2.6,2005-2006
14,Chicago Bulls,82,41,41,0.5,48.5,97.8,36.6,82.2,44.6,6.8,18,37.9,17.7,24,73.8,11,31.7,42.8,22,14.9,6.2,4.2,5.1,24.9,23,0.6,2005-2006
17,Milwaukee Bucks,82,40,42,0.488,48.4,97.8,36.3,80.1,45.3,6.2,16.3,38,19,25.8,73.8,11.3,29.9,41.2,21.6,14.6,7.3,3.3,5,23.2,23.6,-1,2005-2006
18,Philadelphia 76ers,82,38,44,0.463,48.5,99.4,36.6,79.8,45.8,4.6,12.6,36.4,21.6,28.4,76,10.6,29.6,40.2,20.2,14.1,7.9,4.9,4.7,20.9,23.1,-2,2005-2006
18,New Orleans Hornets,82,38,44,0.463,48.3,92.8,34.5,78.4,44,3.7,10.8,33.9,20.1,26.5,75.8,11.2,29,40.2,18.5,13.4,7.5,3.8,5.3,21.8,23.3,-2.8,2005-2006
20,Orlando Magic,82,36,46,0.439,48.5,94.9,35.5,75.2,47.2,3.6,9.7,37.6,20.3,27.8,73,10.9,29.3,40.2,18.2,15.1,6.5,4.4,4.7,23.3,23.2,-1.1,2005-2006
21,Seattle SuperSonics,82,35,47,0.427,48.4,102.6,37.5,81.8,45.9,7.4,19.9,37.1,20.1,25.7,78.5,12.4,27.2,39.6,20.7,14.7,7.6,3.7,4.9,23.6,22.2,-3,2005-2006
22,Houston Rockets,82,34,48,0.415,48.4,90.1,33,76.2,43.3,5.7,17.2,33.2,18.3,24.1,75.9,10.4,31.3,41.6,19.3,14.5,7.2,3.9,4.5,22.7,20.9,-1.6,2005-2006
22,Golden State Warriors,82,34,48,0.415,48.4,98.5,35.8,82.7,43.3,7.6,22.3,34.1,19.2,26.7,71.8,12,30.3,42.3,20.7,14.1,7.4,4.3,5,23.7,23.4,-1.4,2005-2006
24,Minnesota Timberwolves,82,33,49,0.402,48.4,91.7,35.2,77.3,45.6,3.8,11.5,32.9,17.5,23.1,75.8,9.9,29.5,39.4,20.9,14.5,6.8,5.7,4.6,23,21.2,-1.9,2005-2006
24,Boston Celtics,82,33,49,0.402,48.5,98,36,77.1,46.7,5.7,15.7,36.2,20.3,26.9,75.5,9.9,29.7,39.6,20.9,16.6,7,5.1,4.9,24.8,22.4,-1.5,2005-2006
26,Toronto Raptors,82,27,55,0.329,48.7,101.1,36.7,81,45.4,7.4,19.8,37.5,20.2,25.5,79.1,10.5,27.9,38.5,19.4,13.1,6.5,3.3,4.4,24,22.4,-3,2005-2006
27,Atlanta Hawks,82,26,56,0.317,48.5,97.2,35.9,79.2,45.4,5.2,14.1,36.7,20.2,26.9,75,13,27.2,40.3,19.8,15.7,7.2,4.8,5.1,25,22.6,-4.8,2005-2006
27,Charlotte Bobcats,82,26,56,0.317,48.5,96.9,36.1,83.5,43.3,5.2,15.4,33.9,19.4,26.7,72.9,12.1,27.7,39.8,20.9,14.2,10,4.3,5.4,23.9,23.5,-4,2005-2006
29,New York Knicks,82,23,59,0.28,48.6,95.6,34.4,75.7,45.5,3.9,10.8,36.2,22.9,31.5,72.6,12.6,28.8,41.4,17.9,17.7,6.8,3.3,5.3,26.3,25,-6.4,2005-2006
30,Portland Trail Blazers,82,21,61,0.256,48.1,88.8,34,76.4,44.5,4.4,12.7,34.9,16.3,23.7,68.9,10.8,26.9,37.7,18.2,14.7,6.5,5.3,4.9,22.3,20.8,-9.5,2005-2006
1,Phoenix Suns,82,62,20,0.756,48.2,110.4,40.9,85.6,47.7,9.7,24.7,39.3,19,25.4,74.8,11.8,32.3,44.1,23.5,13.7,7,5.5,4.2,19.1,0,7.1,2004-2005
2,San Antonio Spurs,82,59,23,0.72,48.3,96.2,35.6,78.7,45.3,6.2,17,36.3,18.7,25.9,72.4,12,30.4,42.4,21.6,13.7,7.5,6.6,5.1,20.9,0,7.8,2004-2005
2,Miami Heat,82,59,23,0.72,48.7,101.5,37.8,77.7,48.6,5.8,15.4,37.7,20.2,30.1,67.2,10.8,32.2,43,21.8,13.7,6.4,5.8,3.2,22.1,0,6.5,2004-2005
4,Dallas Mavericks,82,58,24,0.707,48.1,102.5,37.3,81.6,45.7,5.6,15.5,36.4,22.3,28.2,78.9,12.1,30.9,42.9,19.6,13.4,8.6,5.6,4.9,22.3,0,5.7,2004-2005
5,Detroit Pistons,82,54,28,0.659,48.7,93.3,34.8,78.3,44.4,4.4,12.8,34.5,19.4,26.2,73.9,12.9,30.6,43.4,21.8,13.8,7,6.1,4.5,20,0,3.9,2004-2005
6,Seattle SuperSonics,82,52,30,0.634,48.2,98.9,35.1,79.2,44.4,8.1,22.2,36.5,20.5,26,79,12.7,28.2,40.9,18.1,13.6,6.7,4.1,4.8,23.7,0,2.3,2004-2005
7,Houston Rockets,82,51,31,0.622,48.4,95.1,34.7,78.3,44.3,6.7,18.5,36.4,18.9,24.2,78.1,10.7,31.7,42.4,21.1,13.8,6.9,4.6,4.1,22,0,4,2004-2005
8,Sacramento Kings,82,50,32,0.61,48.4,103.7,39.1,85.1,45.9,6.4,17,37.4,19.2,24.4,78.7,12.5,29.9,42.4,24.5,13.1,8.2,3.9,4.5,20.5,0,2.2,2004-2005
9,Denver Nuggets,82,49,33,0.598,48.2,99.5,37,80.7,45.9,3.9,11.5,34,21.5,28.2,76.3,11.8,30.2,42,23.9,14.9,9.1,6,5.6,22.9,0,2,2004-2005
10,Chicago Bulls,82,47,35,0.573,48.4,94.5,34.7,80.4,43.2,6.2,17.5,35.7,18.7,25,75,12.2,31.6,43.8,21.3,16.7,7,4.5,5.3,24.7,0,1.1,2004-2005
11,Boston Celtics,82,45,37,0.549,48.5,101.3,37.1,79.4,46.8,5.3,15.3,34.9,21.6,28.3,76.4,11.1,29.7,40.8,22.1,15.8,8.1,5.2,4.9,24.4,0,0.9,2004-2005
11,Washington Wizards,82,45,37,0.549,48.2,100.5,36.2,82.8,43.6,6.3,18.3,34.3,21.9,30.2,72.5,13.8,29,42.8,19.1,14.3,8.7,4.2,5,22,0,-0.3,2004-2005
11,Memphis Grizzlies,82,45,37,0.549,48.1,93.4,34.2,76.5,44.7,6.5,18.1,35.7,18.6,24.7,75.4,10.8,28.1,39,20.9,14.6,8.5,5.8,5.8,23.3,0,2.3,2004-2005
14,Minnesota Timberwolves,82,44,38,0.537,48.2,96.8,37.1,80.8,45.9,4.8,14,34.5,17.7,22.2,79.6,11.5,31.5,43,23.4,13.2,5.6,5.5,3.9,21.6,0,1.5,2004-2005
14,Indiana Pacers,82,44,38,0.537,48.5,93,32.5,75.2,43.2,6.6,19.2,34.4,21.3,26.9,79.2,10.6,29.5,40.1,18.2,14.3,7.5,4.4,4.9,23,0,0.8,2004-2005
16,Philadelphia 76ers,82,43,39,0.524,48.4,99.1,35.9,82.1,43.7,6.2,17.7,34.8,21.1,26.8,78.9,11.1,30.9,42,20.9,15.5,9.2,3.9,4.7,22.9,0,-0.7,2004-2005
17,New Jersey Nets,82,42,40,0.512,48.5,91.4,33.6,78.3,42.9,5.3,14.7,36.2,19,24.9,76.3,10.4,29.1,39.5,21.6,14.2,7.9,3.8,4.9,24.2,0,-1.5,2004-2005
17,Cleveland Cavaliers,82,42,40,0.512,48.4,96.5,36.5,81.5,44.7,3.7,11,33.2,19.9,26.5,75.2,13.6,28.7,42.3,22.6,13.9,8,5.6,5.1,22.6,0,0.8,2004-2005
19,Los Angeles Clippers,82,37,45,0.451,48.9,95.7,35.7,77.7,45.9,2.8,8.2,34.5,21.6,27.7,77.8,12,29.9,41.9,23.2,15.7,7.3,5.1,4.8,22.2,0,-0.8,2004-2005
20,Orlando Magic,82,36,46,0.439,48.1,99.5,37,81.5,45.4,3.9,11.2,34.9,21.6,28.5,75.9,12.7,31,43.7,19.3,16.1,7.7,5.4,4.3,23.6,0,-2.2,2004-2005
21,Los Angeles Lakers,82,34,48,0.415,48.2,98.7,35.3,80.8,43.7,7.9,22.1,35.5,20.3,26.1,77.7,12.5,30.6,43.2,20.4,14.3,6.2,4.2,5.1,21.9,0,-3,2004-2005
21,Golden State Warriors,82,34,48,0.415,48.5,98.7,36.9,85.8,43,7.6,21.6,35.2,17.2,23.8,72.2,13,29.7,42.7,22.1,13.6,7.8,5.1,5.1,22.4,0,-2.2,2004-2005
23,Toronto Raptors,82,33,49,0.402,48.3,99.7,36,81.2,44.4,7.9,20.5,38.5,19.8,25.6,77.4,10.3,29.8,40.1,20.4,13.3,7.6,3.9,4.4,22.9,0,-1.6,2004-2005
23,New York Knicks,82,33,49,0.402,48.5,97.3,36.3,80.5,45.1,5.4,15.1,35.6,19.3,25.1,76.7,11.8,29.2,41,20.3,14.7,7.7,3.2,4.7,23.7,0,-2.4,2004-2005
25,Milwaukee Bucks,82,30,52,0.366,48.2,97.2,36.1,80.2,45,4,11.3,35.1,21,27.2,77.2,12,29.3,41.3,21,13.8,6.5,3.5,4.5,21.9,0,-3,2004-2005
26,Portland Trail Blazers,82,27,55,0.329,48.1,92.9,35.3,78.3,45.1,5.1,14.2,36.2,17.2,23.7,72.5,11.8,29.3,41.1,21,16,7.1,6.6,5,20.8,0,-4,2004-2005
27,Utah Jazz,82,26,56,0.317,48.2,93,34.5,76.8,44.9,3,9.3,32.8,21,27.7,75.7,12.8,27.4,40.1,22.3,15.8,6.6,4.6,5.8,26.7,0,-4.3,2004-2005
28,New Orleans Hornets,82,18,64,0.22,48.6,88.4,33.1,79.9,41.5,5.1,16,31.5,17.1,22.3,76.6,12.4,27.8,40.2,21,14.8,6.7,3.8,5.5,23,0,-7.1,2004-2005
28,Charlotte Bobcats,82,18,64,0.22,48.5,94.3,36.1,83.6,43.2,3.9,10.7,36.3,18.1,25.6,70.9,13.2,28.5,41.7,21.9,14.5,8.5,5.4,5.4,23.1,0,-6,2004-2005
30,Atlanta Hawks,82,13,69,0.159,48.4,92.7,35.9,81.4,44.1,3.7,11.9,31.2,17.3,24.3,71.1,13.4,28.5,41.9,19.7,16.1,7.7,4.2,5.9,24.5,0,-9.7,2004-2005